ID,MA_TAISAN_BAODAM,MA_LOAIHINH_TSBD,GIATRI,DIACHI,MA_THANH_PHO,GHICHU
1,BDS0000001,4012,3380000000,"THÔN NGỌC TRỤC, XÃ ĐẠI MỖ, HUYỆN TỪ LIÊM, HÀ NỘI",1,ĐẤT Ở
2,BDS0000002,4012,3850000000,"HUYỀN KỲ, P. PHÚ LÂM, Q. GIA LÂM, HÀ NỘI",1,ĐẤT Ở
3,BDS0000003,4012,4620000000,"CĂN 1116, NHÀ Ở 7B, HOÀNG LIỆT, THANH TRÌ, HÀ NỘI",1,ĐẤT Ở
4,BDS0000004,4012,12500000000,TỈNH TÂY NINH ,72,"ĐẤT Ở, CLN"
5,BDS0000005,4012,6810000000,"53 ĐƯỜNG SỐ 4, KP 6, TRƯỜNG THỌ, THỦ ĐỨC, HCM",79,ĐẤT Ở
6,BDS0000006,4012,18100000000,"XÃ BÌNH HOÀ, THUẬN AN, BÌNH DƯƠNG",74,XÂY DỰNG CÔNG TRÌNH CÔNG NGHIỆP
7,BDS0000007,402,83300000000,"KHU ĐÔ THỊ MỚI HÒA HẢI 1-3, PHƯỜNG HẢI HÒA, NGŨ HÀNH SƠN",48,ĐẤT XÂY DỰNG KHÁCH SẠN
8,BDS0000008,402,3039000000,"KHU ĐÔ THỊ MỚI HÒA HẢI 1-3, PHƯỜNG HÒA HẢI, NGŨ HÀNH SƠN",48,ĐẤT XÂY DỰNG KHÁCH SẠN
9,BDS0000009,402,30770000000,"64 PHỐ HUẾ, P. NGÔ THÌ NHẬM, Q. HAI BÀ TRƯNG, TP HÀ NỘI",1,"NHÀ Ở, ĐẤT Ở"
10,BDS0000010,402,8100000000,"TỔ 22, CỤM 3, PHƯỜNG PHÚ THƯỢNG, QUẬN TÂY HỒ, TP HÀ NỘI",1,ĐẤT Ở
11,BDS0000011,402,8000000000,"THÔN ĐỨC DIỄN, XÃ PHÚ DIỄN, HUYỆN TỪ LIÊM, TP HÀ NỘI",1,ĐẤT Ở
12,BDS0000012,402,3000000000,"1A NGÕ LAN BÁ, PHƯỜNG TRUNG PHỤNG, Q ĐỐNG ĐA",1,ĐẤT Ở ĐÔ THỊ
13,BDS0000013,402,18975000000,"22 TỔ 6 CỤM 5, P. CỐNG VỊ, Q. BA ĐÌNH",1,ĐẤT Ở TẠI ĐÔ THỊ
14,BDS0000014,402,6800000000,"Ô 17+18 LÔ C TỔ 23 CỤM 14 PHƯỜNG CỐNG VỊ, QUẬN BA ĐÌNH",1,
15,BDS0000015,402,3200000000,"THÔN PHƯỢNG BÃI, XÃ BIÊN GIANG, QUẬN HÀ ĐÔNG",1,ĐẤT Ở
16,BDS0000016,402,5600000000,"TỔ DÂN PHỐ PHƯỢNG BÃI, PHƯỜNG BIÊN GIANG, QUẬN HÀ ĐÔNG",1,ĐẤT Ở ĐÔ THỊ
17,BDS0000017,402,3800000000,"THÔN PHƯỢNG BÃI, XÃ BIÊN GIANG, QUẬN HÀ ĐÔNG",1,ĐẤT Ở
18,BDS0000018,402,3000000000,"GÒ DỨA, THÔN PHÙ YÊN, XÃ TRƯỜNG YÊN, CHƯƠNG MỸ",1,ĐẤT Ở
19,BDS0000019,402,4700000000,"A1705, KHU M3-M4, NGUYỄN CHÍ THANH, P. LÁNG HẠ, Q. ĐỐNG ĐA, HN",1,ĐẤT Ở TẠI ĐÔ THỊ
20,BDS0000020,4012,3800000000,"THÔN TRAI TRANG, THỊ TRẤN YÊN MỸ, HƯNG YÊN",33,ĐẤT Ở TẠI ĐÔ THỊ + ĐẤT TRỒNG CÂY LN
21,BDS0000021,4012,5900000000,"SỐ 7, TỔ 8, LƯƠNG YÊN, P.BẠCH ĐẰNG, Q. HAI BÀ TRƯNG, TP HÀ NỘI",1,ĐẤT Ở TẠI ĐÔ THỊ
22,BDS0000022,4012,13850000000,HÒA MẠC- DUY TIÊN – HÀ NAM,35,XÂY DỰNG VÀ KINH DOAN HẠ TẦNG KHU CÔNG NGHIỆP
23,BDS0000023,4012,46150000000,HÒA MẠC- DUY TIÊN – HÀ NAM,35,
24,BDS0000024,403,12310000000,"PHƯỜNG MỸ XUYÊN, TP LONG XUYÊN, TỈNH AN GIANG",89,ĐẤT Ở
25,BDS0000025,403,2000000000,"THÔN ĐỒI 1, XÃ ĐÔNG PHƯƠNG YÊN, HUYỆN CHƯƠNG MỸ, TP HÀ NỘI",1,ĐẤT Ở; ĐẤT VƯỜN
26,BDS0000026,403,4580000000,"ĐÔNG HÒA, HUYỆN TRẢNG BOM, TỈNH ĐỒNG NAI",75,ĐẤT SẢN XUẤT KINH DOANH
27,BDS0000027,403,820000000,"XÃ ĐÔNG HÒA, HUYỆN TRẢNG BOM, TỈNH ĐỒNG NAI",75,ĐẤT TRỒNG CÂY HÀNG NĂM KHÁC
28,BDS0000028,403,11540000000,"XÃ ĐÔNG HÒA, HUYỆN TRẢNG BOM, TỈNH ĐỒNG NAI",75,NHÀ XƯỞNG SẢN XUẤT
29,BDS0000029,403,53850000000,"4C-5A-6A NHÀ C TỔ 34 PHƯỜNG DỊCH VỌNG, Q. CẦU GIẤY, HÀ NỘI",1,CĂN HỘ 
30,BDS0000030,403,20500000000,"133A TRẦN BÌNH TRỌNG, PHƯỜNG 2, QUẬN 5, TP.HCM. DIỆN TÍCH 156M2",79,ĐẤT Ở
31,BDS0000031,403,19900000000,"02-04 ĐƯỜNG SỐ 6C KHU DÂN CƯ TRUNG SƠN, ẤP 4B, XÃ BÌNH HƯNG, HUYỆN BÌNH CHÁNH, TP.HCM. ",79,LÂU DÀI
32,BDS0000032,4012,36000000000,"TẠI THÔN BÌNH LĂNG, XÃ THẮNG LỢI, HUYỆN THƯỜNG TÍN, THÀNH PHỐ HÀ NỘI",1,LÂU DÀI15102010
33,BDS0000033,403,3600000000,"THÔN BÌNH XÁ, XÃ BÌNH PHÚ, HUYỆN THẠCH THẤT, T.P HÀ NỘI, ",1,LÂU DÀI
34,BDS0000034,403,4100000000,"XÃ HOÀ BÌNH, HUYỆN THƯỜNG TÍN, T.P HÀ NỘI, .",1,LÂU DÀI
35,BDS0000035,4012,6450000000,"ĐỘI 4, THÔN ĐÔNG HẠ, XÃ ĐÔNG YÊN, HUYỆN QUỐC OAI, T.P HÀ NỘI, ",1,LÂU DÀI
36,BDS0000036,403,4600000000,"THÔN BÌNH XÁ, XÃ BÌNH PHÚ, HUYỆN THẠCH THẤT, T.P HÀ NỘI, ",1,LÂU DÀI
37,BDS0000037,403,3500000000,"THÔN YÊN VIÊN, XÃ YÊN VIÊN, HUYỆN GIA LÂM, T.P HÀ NỘI, 295M2",1,LÂU DÀI
38,BDS0000038,4012,1600000000,"THÔN ĐÔNG HẠ, XÃ ĐÔNG YÊN, HUYỆN QUỐC OAI, T.P HÀ NỘI, 873M2",1,LÂU DÀI
39,BDS0000039,4012,4500000000,"TẠI THÔN PHÚC ĐỨC, XÃ SÀI SƠN, HUYỆN QUỐC OAI, T.P HÀ NỘI,160M2 ",1,LÂU DÀI
40,BDS0000040,403,4200000000,"THÔN THÁI HÒA, XÃ BÌNH PHÚ, HUYỆN THẠCH THẤT, T.P HÀ NỘI, 203M2 ",1,LÂU DÀI
41,BDS0000041,405,33116000000,"209/57H TÔN THẤT THUYẾT, PHƯỜNG 3, QUẬN 4, TP.HCM",79,ĐẤT Ở ĐÔ THỊ
42,BDS0000042,405,55597000000,"PHƯỜNG PHÚ HỮU, QUẬN 9, TP.HCM",79,XÂY NHÀ VÀ TRỒNG CÂY LÂU NĂM
43,BDS0000043,405,19230000000,SỐ 209 ĐƯỜNG ÂU CƠ – PHƯỜNG QUẢNG AN -  QUẬN TÂY HỒ – TP. HÀ NỘI.,1,LÂU DÀI
44,BDS0000044,4012,32859000000,"131 HOÀNG VĂN THỤ,PHƯỜNG 8, QUẬN PHÚ NHUẬN, TP.HCM ",79,
45,BDS0000045,4012,39542000000,"3A HÙNG VƯƠNG, PHƯỜNG 4, QUẬN 5, TP.HCM ",79,ĐẤT Ở TẠI ĐÔ THỊ 
46,BDS0000046,405,15380000000,"SỐ 684 NGUYỄN VĂN CỪ, PHƯỜNG GIA THỤY, LONG BIÊN, HÀ NỘI",1,ĐẤT Ở
47,BDS0000047,405,22500000000,"150 NGUYỄN XÍ (SỐ CŨ 79/8B XÔ VIẾT NGHỆ TĨNH), P.26, QUẬN BÌNH THẠNH, TP HCM",79,ĐẤT Ở
48,BDS0000048,405,13000000000,"22 NGÁCH 38/62 ĐƯỜNG XUÂN LA, P. XUÂN LA, Q. TÂY HỒ, TP HÀ NỘI",1,ĐẤT Ở ĐÔ THỊ
49,BDS0000049,405,1025000000,"SỐ 716, PHƯỜNG BẠCH ĐẰNG, QUẬN HAI BÀ TRƯNG, THÀNH PHỐ HÀ NỘI.",1,ĐẤT THUÊ 50 NĂM
50,BDS0000050,405,1135000000,"638, PHƯỜNG BẠCH ĐẰNG, QUẬN HAI BÀ TRƯNG, THÀNH PHỐ HÀ NỘI",1,ĐẤT 50 NĂM
51,BDS0000051,405,1321000000,"THANH XUÂN, THÀNH PHỐ HÀ NỘI",1,DAT O
52,BDS0000052,405,2920000000,"PHƯỜNG NINH KHÁNH, TP. NINH BÌNH",37,ĐẤT SXKD
53,BDS0000053,405,1160000000,"QUẬN CẦU GIẤY, THÀNH PHỐ HÀ NỘI",1,DAT O
54,BDS0000054,405,1123000000,"QUẬN CẦU GIẤY, THÀNH PHỐ HÀ NỘI",1,DAT O
55,BDS0000055,4012,62000000000,"TỔ 11, P. TRẦN PHÚ, QUẢNG NGÃI",51,ĐẤT Ở ĐÔ THỊ
56,BDS0000056,405,3386000000,"P TRẦN PHÚ, QUẢNG NGÃI",51,ĐẤT Ở ĐÔ THỊ
57,BDS0000057,405,15380000000,"P TRẦN PHÚ, QUẢNG NGÃI",51,
58,BDS0000058,405,15380000000,"P. TRẦN PHÚ, TP QUẢNG NGÃI",51,
59,BDS0000059,405,4132000000,"P. TRẦN PHÚ, TP QUẢNG NGÃI",51,ĐẤT Ở ĐÔ THỊ
60,BDS0000060,405,13467000000,"P. TRẦN PHÚ, QUẢNG NGÃI",51,ĐẤT Ở ĐÔ THỊ
61,BDS0000061,4012,7420000000,"P. QUẢNG PHÚ, QUẢNG NGÃI",51,ĐẤT Ở ĐÔ THỊ
62,BDS0000062,4012,4020000000,"TỔ 2, P. QUANG PHÚ, TP QUẢNG NGÃI",51,ĐẤT Ở ĐÔ THỊ
63,BDS0000063,4012,1575000000,"P. NGHĨA LỘ, TP QUẢNG NGÃI",51,ĐẤT Ở ĐÔ THỊ
64,BDS0000064,4012,1770000000,"TỔ 20, P. CHÁNH LỘ, TP QUẢNG NGÃI",51,ĐẤT Ở ĐÔ THỊ
65,BDS0000065,4012,2346000000,"P. TRẦN PHÚ, QUẢNG NGÃI",51,ĐẤT Ở ĐÔ THỊ
66,BDS0000066,4012,3372000000,"P. TRẦN PHÚ, QUẢNG NGÃI",51,ĐẤT Ở ĐÔ THỊ
67,BDS0000067,4012,3479000000,"XÃ TỊNH KHÊ, HUYỆN SƠN TỊNH",51,ĐẤT Ở ĐÔ THỊ
68,BDS0000068,4012,3315000000,"P. TRẦN PHÚ, QUẢNG NGÃI",51,ĐẤT Ở ĐÔ THỊ
69,BDS0000069,406,8000000000,"SỐ 1, NGÁCH 298/20 NGỌC LÂM, P. NGỌC LÂM, Q. LONG BIÊN",1,DẤT Ở ĐÔ THỊ
70,BDS0000070,406,15380000000,"SỐ 1, NGÁCH 298/20 NGỌC LÂM, P. NGỌC LÂM, Q. LONG BIÊN",1,
71,BDS0000071,406,3230000000,"TỔ 10, P. PHÚC ĐỒNG, Q. LONG BIÊN",1,
72,BDS0000072,406,5000000000,"TỔ 10, P. PHÚC ĐỒNG, Q. LONG BIÊN",1,ĐẤT Ở
73,BDS0000073,406,4000000000,"THÔN BẮC CẦU 3, XÃ NGỌC THỤY, HUYỆN GIA LÂM",1,ĐẤT Ở + VƯỜN
74,BDS0000074,406,3230000000,"THÔN BẮC CẦU 3, XÃ NGỌC THỤY, HUYỆN GIA LÂM",1,
75,BDS0000075,406,2770000000,"THỬA ĐẤT SỐ 1010, 1003; TỜ BẢN ĐỒ SỐ 4,11;  TỌA LẠC TẠI ĐỊA CHỈ: LÔ B52-B53-B54/I ĐƯỜNG SỐ 2E, KCN VĨNH LỘC, HUYỆN BÌNH CHÁNH, TP.HCM ",79,
76,BDS0000077,406,7300000000,"THỬA ĐẤT SỐ 111, TỜ BẢN ĐỒ SỐ 2 ĐỊA CHỈ: 65/9/4 HẺM B4 HOÀNG HOA THÁM, PHƯỜNG 13, QUẬN TÂN BÌNH. ",79,"NHÀ Ở, ĐẤT Ở"
77,BDS0000078,406,3230000000,"THỬA ĐẤT SỐ 111, TỜ BẢN ĐỒ SỐ 2 ĐỊA CHỈ: 65/9/4 HẺM B4 HOÀNG HOA THÁM, PHƯỜNG 13, QUẬN TÂN BÌNH. ",79,
78,BDS0000079,406,2310000000,"THỬA ĐẤT SỐ: 219, TỜ BẢN ĐỒ SỐ 2; TẠI 65/9/1 HẺM D15 CỘNG HÒA, PHƯỜNG 13, QUẬN TÂN BÌNH, TPHCM",79,
79,BDS0000080,406,8900000000,"THỬA ĐẤT SỐ: 219, TỜ BẢN ĐỒ SỐ 2; TẠI 65/9/1 HẺM D15 CỘNG HÒA, PHƯỜNG 13, QUẬN TÂN BÌNH, TPHCM",79,"ĐẤT Ở, NHÀ Ở"
81,BDS0000081,406,2445000000,"NGÁCH 34A/16 PHỐ TRẦN PHÚ, PHƯỜNG ĐIỆN BIÊN, QUẬN BA ĐÌNH, THÀNH PHỐ HÀ NỘI",1,ĐẤT Ở
82,BDS0000082,406,8460000000,"NGÁCH 34A/16 PHỐ TRẦN PHÚ, PHƯỜNG ĐIỆN BIÊN, QUẬN BA ĐÌNH, THÀNH PHỐ HÀ NỘI",1,
83,BDS0000083,406,2150000000,"SỐ 1, NGÕ G, TỔ 82B, PHƯỜNG KIM LIÊN, QUẬN ĐỐNG ĐA",1,
84,BDS0000084,406,3463000000,"SỐ 1, NGÕ G, TỔ 82B, PHƯỜNG KIM LIÊN, QUẬN ĐỐNG ĐA",1,
85,BDS0000085,406,4633000000,"SỐ 14B TTQĐ E232 – TỔNG CỤC CNQP, PHƯỜNG ĐỨC GIANG, QUẬN LONG BIÊN, THÀNH PHỐ HÀ NỘI",1,ĐẤT Ở
86,BDS0000086,406,2150000000,"SỐ 14B TTQĐ E232 – TỔNG CỤC CNQP, PHƯỜNG ĐỨC GIANG, QUẬN LONG BIÊN, THÀNH PHỐ HÀ NỘI",1,
80,BDS0000076,406,30770000000,"THỬA ĐẤT SỐ 1010, 1003; TỜ BẢN ĐỒ SỐ 4,11;  TỌA LẠC TẠI ĐỊA CHỈ: LÔ B52-B53-B54/I ĐƯỜNG SỐ 2E, KCN VĨNH LỘC, HUYỆN BÌNH CHÁNH, TP.HCM ",79,"XÂY DỰNG VĂN PHÒNG NHÀ XƯỞNG SẢN XUẤT VÀ KINH DOANH CÁC LOẠI BÔNG Y TẾ, BĂNG VỆ SINH PHỤ NỮ VÀ CÁC SẢN PHẨM KHÁC TỪ BÔNG BĂNG"
87,BDS0000087,406,28310000000,"THÔN TRINH LƯƠNG, XÃ PHÚ LƯƠNG, THÀNH PHỐ HÀ ĐÔNG, TỈNH HÀ TÂY (NAY LÀ QUẬN HÀ ĐÔNG, THÀNH PHỐ HÀ NỘI)",1,
88,BDS0000088,406,5400000000,"THÔN TRINH LƯƠNG, XÃ PHÚ LƯƠNG, THÀNH PHỐ HÀ ĐÔNG, TỈNH HÀ TÂY (NAY LÀ QUẬN HÀ ĐÔNG, THÀNH PHỐ HÀ NỘI)",1,ĐẤT Ở
89,BDS0000089,406,15380000000,"SỐ D21 PHƯƠNG MAI, PHƯƠNG PHƯƠNG MAI, QUẬN ĐỐNG ĐA, TP. HÀ NỘI, THỬA ĐẤT SỐ 120A,  TỜ BẢN ĐỒ SỐ 6H-III-37+38",1,ĐẤT Ở
90,BDS0000090,406,12150000000,"SỐ D21 PHƯƠNG MAI, PHƯƠNG PHƯƠNG MAI, QUẬN ĐỐNG ĐA, TP. HÀ NỘI, THỬA ĐẤT SỐ 120A,  TỜ BẢN ĐỒ SỐ 6H-III-37+38",1,
91,BDS0000091,4012,3380000000,"THỬA ĐẤT SỐ 79, TỜ BẢN ĐỒ 05 THÔN HẠ, XÃ CỬU CAO, HUYỆN VĂN GIANG, TỈNH HƯNG YÊN",33,
92,BDS0000092,4012,2200000000,"THỬA ĐẤT SỐ 79, TỜ BẢN ĐỒ 05 THÔN HẠ, XÃ CỬU CAO, HUYỆN VĂN GIANG, TỈNH HƯNG YÊN",33,ĐẤT Ở
93,BDS0000093,4012,2500000000,"THỬA ĐẤT SỐ 150, TỜ BẢN ĐỒ 05 THÔN BẾN CHÙA, XÃ PHỤNG CÔNG, HUYỆN VĂN GIANG, TỈNH HƯNG YÊN",33,ĐẤT Ở NÔNG THÔN
94,BDS0000094,4012,530000000,"THỬA ĐẤT SỐ 103, TỜ BẢN ĐỒ 02 PHỐ THƯỢNG LÂN, PHƯỜNG NINH SƠN, TP NINH BÌNH, TỈNH NINH BÌNH",37,ĐẤT Ở
95,BDS0000095,4012,4310000000,"THỬA ĐẤT SỐ 103, TỜ BẢN ĐỒ 02 PHỐ THƯỢNG LÂN, PHƯỜNG NINH SƠN, TP NINH BÌNH, TỈNH NINH BÌNH",37,
96,BDS0000096,406,3380000000,"THỬA ĐẤT SỐ 29(4), TỜ BẢN ĐỒ 49 THÔN CHU XÁ, XÃ KIÊU KỴ, HUYỆN GIA LÂM, TP HÀ NỘI",1,
97,BDS0000097,406,3900000000,"THỬA ĐẤT SỐ 29(4), TỜ BẢN ĐỒ 49 THÔN CHU XÁ, XÃ KIÊU KỴ, HUYỆN GIA LÂM, TP HÀ NỘI",1,ĐẤT Ở
98,BDS0000098,4012,6000000000,"TỔ 8, PHƯỜNG CỰ KHỐI, QUẬN LONG BIÊN, THÀNH PHỐ HÀ NỘI",1,ĐẤT Ở
99,BDS0000099,4012,4460000000,"TỔ 8, PHƯỜNG CỰ KHỐI, QUẬN LONG BIÊN, THÀNH PHỐ HÀ NỘI",1,
100,BDS0000100,4012,4460000000,"THÔN BÁT TRÀNG, XÃ BÁT TRÀNG, HUYỆN GIA LÂM, THÀNH PHỐ HÀ NỘI.",1,
101,BDS0000101,4012,7300000000,"THÔN BÁT TRÀNG, XÃ BÁT TRÀNG, HUYỆN GIA LÂM, THÀNH PHỐ HÀ NỘI.",1,ĐẤT Ở
102,BDS0000102,4012,12310000000,"SỐ 438B TRƯƠNG ĐỊNH, TÂN MAI, HOÀNG MAI, HÀ NỘI.",1,ĐẤT Ở TẠI ĐÔ THỊ
103,BDS0000103,4012,1690000000,"SỐ 438B TRƯƠNG ĐỊNH, TÂN MAI, HOÀNG MAI, HÀ NỘI.",1,
104,BDS0000104,4012,1.08E+11,"THỬA ĐẤT SỐ 148, TỜ BẢN ĐỒ SỐ 03, TỔ 19, PHƯỜNG ĐỀ THÁM, THÀNH PHỐ THÁI BÌNH",34,ĐẤT Ở ĐÔ THỊ 
105,BDS0000105,4012,12000000000,"THỬA ĐẤT SỐ 147, TỜ BẢN ĐỒ SỐ 03, TỔ 19, PHƯỜNG ĐỀ THÁM, THÀNH PHỐ THÁI BÌNH.",34,ĐẤT Ở ĐÔ THỊ
106,BDS0000106,4012,1690000000,"THỬA ĐẤT SỐ 147, TỜ BẢN ĐỒ SỐ 03, TỔ 19, PHƯỜNG ĐỀ THÁM, THÀNH PHỐ THÁI BÌNH.",34,
107,BDS0000107,4012,2620000000,"THỬA ĐẤT SỐ 144+145, TỜ BẢN ĐỒ SỐ 03, TỔ 19, PHƯỜNG ĐỀ THÁM, THÀNH PHỐ THÁI BÌNH.",34,
108,BDS0000108,4012,72650000000,"THỬA ĐẤT SỐ 144+145, TỜ BẢN ĐỒ SỐ 03, TỔ 19, PHƯỜNG ĐỀ THÁM, THÀNH PHỐ THÁI BÌNH.",34,ĐẤT Ở ĐÔ THỊ
109,BDS0000109,4012,11690000000,SỐ 271 PHỐ HUẾ  – PHƯỜNG PHỐ HUẾ – QUẬN HAI BÀ TRƯNG – TP HÀ NỘI,1,ĐẤT Ở NHÀ Ở
110,BDS0000110,4012,3080000000,SỐ 271 PHỐ HUẾ  – PHƯỜNG PHỐ HUẾ – QUẬN HAI BÀ TRƯNG – TP HÀ NỘI,1,
111,BDS0000111,4012,3080000000,"THỬA ĐẤT SỐ 160, TỜ BẢN ĐỒ SỐ 7G-III-28, SỐ 9A, NGÕ 2, TỔ 14, GIẢNG VÕ, PHƯỜNG GIẢNG VÕ, QUẬN BA ĐÌNH, HN",1,
112,BDS0000112,4012,30770000000,"THỬA ĐẤT SỐ 160, TỜ BẢN ĐỒ SỐ 7G-III-28, SỐ 9A, NGÕ 2, TỔ 14, GIẢNG VÕ, PHƯỜNG GIẢNG VÕ, QUẬN BA ĐÌNH, HN",1,ĐẤT Ở ĐÔ THỊ
113,BDS0000113,4012,3000000000,"THỬA ĐẤT SỐ 269A TỜ BẢN ĐỒ SỐ 07 TẠI XÃ CUÔRĐĂNG, HUYỆN CƯ’MGAR TỈNH ĐĂKLĂK",66,ĐẤT Ở VÀ ĐẤT TRỒNG CÂY LÂU NĂM
114,BDS0000114,4012,5000000000,"SỐ 112, TỜ BẢN ĐỒ SỐ 07 TẠI PHƯỜNG AN LẠC THỊ XÃ BUÔN HỒ TỈNH ĐĂKLĂK",66,ĐẤT Ở VÀ ĐẤT TRỒNG CÂY LÂU NĂM
115,BDS0000115,4012,4310000000,"SỐ 112, TỜ BẢN ĐỒ SỐ 07 TẠI PHƯỜNG AN LẠC THỊ XÃ BUÔN HỒ TỈNH ĐĂKLĂK",66,
116,BDS0000116,4012,4310000000,"39 TẠI XÃ IA DÊR, HUYỆN IA GRAI TỈNH GIA LAI",64,
117,BDS0000117,4012,6000000000,"39 TẠI XÃ IA DÊR, HUYỆN IA GRAI TỈNH GIA LAI",64,ĐẤT Ở VÀ ĐẤT TRỒNG CÂY LÂU NĂM
118,BDS0000118,4012,10000000000,"ẤP BÌNH PHƯỚC A XÃ BÌNH CHUẨN, HUYỆN THUẬN AN TỈNH BÌNH DƯƠNG",74,ĐẤT Ở VÀ ĐẤT TRỒNG CÂY LÂU NĂM
119,BDS0000119,4012,3080000000,"ẤP BÌNH PHƯỚC A XÃ BÌNH CHUẨN, HUYỆN THUẬN AN TỈNH BÌNH DƯƠNG",74,
120,BDS0000120,4012,4310000000,"XÓM ĐỒI, THÔN PHÙ YÊN, XÃ TRƯỜNG YÊN, HUYỆN CHƯƠNG MỸ, THÀNH PHỐ HÀ NỘI",1,
121,BDS0000121,4012,8000000000,"XÓM ĐỒI, THÔN PHÙ YÊN, XÃ TRƯỜNG YÊN, HUYỆN CHƯƠNG MỸ, THÀNH PHỐ HÀ NỘI",1,ĐẤT Ở
122,BDS0000122,4012,2500000000,"XÓM BỐN, THÔN PHÙ YÊN, XÃ TRƯỜNG YÊN, HUYỆN CHƯƠNG MỸ, THÀNH PHỐ HÀ NỘI",1,ĐẤT Ở
123,BDS0000123,4012,3380000000,"XÓM BỐN, THÔN PHÙ YÊN, XÃ TRƯỜNG YÊN, HUYỆN CHƯƠNG MỸ, THÀNH PHỐ HÀ NỘI",1,
124,BDS0000124,4012,4310000000,"XÓM ĐỒI, THÔN PHÙ YÊN, XÃ TRƯỜNG YÊN, HUYỆN CHƯƠNG MỸ, THÀNH PHỐ HÀ NỘI",1,
125,BDS0000125,4012,1500000000,"XÓM ĐỒI, THÔN PHÙ YÊN, XÃ TRƯỜNG YÊN, HUYỆN CHƯƠNG MỸ, THÀNH PHỐ HÀ NỘI",1,ĐẤT Ở
126,BDS0000126,4012,2143000000,"XÓM ĐỒI, THÔN PHÙ YÊN, XÃ TRƯỜNG YÊN, HUYỆN CHƯƠNG MỸ, THÀNH PHỐ HÀ NỘI ",1,ĐẤT Ở
127,BDS0000127,4012,4000000000,"XÓM ĐỒI, THÔN PHÙ YÊN, XÃ TRƯỜNG YÊN, HUYỆN CHƯƠNG MỸ, THÀNH PHỐ HÀ NỘI ",1,
128,BDS0000128,4012,3540000000,"TẠI XÓM ĐỒI, THÔN PHÙ YÊN, XÃ TRƯỜNG YÊN, HUYỆN CHƯƠNG MỸ, T.P HÀ NỘI",1,
129,BDS0000129,4012,2080000000,"TẠI XÓM ĐỒI, THÔN PHÙ YÊN, XÃ TRƯỜNG YÊN, HUYỆN CHƯƠNG MỸ, T.P HÀ NỘI",1,ĐẤT Ở
130,BDS0000130,407,1665000000,"196 NKKN, P6, Q3, TP HCM",79,ĐẤT Ở
131,BDS0000131,407,28310000000,"196 NKKN, P6, Q3, TP HCM",79,
132,BDS0000132,407,2620000000,"TẠI  201 HOÀNG  HOA THÁM  P6, Q. BÌNH THẠCH , TP HCM",79,
133,BDS0000133,407,535000000,"TẠI  201 HOÀNG  HOA THÁM  P6, Q. BÌNH THẠCH , TP HCM",79,ĐẤT Ở
134,BDS0000134,407,5520000000,"THỬA ĐẤT SỐ 194, TỜ BẢN ĐỒ SỐ 5H-IV-3, SỐ 9 TỔ 6B PHƯỜNG TƯƠNG MAI, QUẬN HAI BÀ TRƯNG, HN",1,HĐTD SỐ 00001/2012/HĐTDHM NGÀY 16/01/2012
135,BDS0000135,407,2000000000,"THỬA ĐẤT SỐ 194, TỜ BẢN ĐỒ SỐ 5H-IV-3, SỐ 9 TỔ 6B PHƯỜNG TƯƠNG MAI, QUẬN HAI BÀ TRƯNG, HN",1,
136,BDS0000136,407,2000000000,"CĂN HỘ 214-B20-TT. KIM LIÊN, PHƯỜNG KIM LIÊN, Q. ĐỐNG ĐA, HN. ",1,
137,BDS0000137,407,1900000000,"CĂN HỘ 214-B20-TT. KIM LIÊN, PHƯỜNG KIM LIÊN, Q. ĐỐNG ĐA, HN. ",1,HĐTD SỐ 00001/2012/HĐTDHM NGÀY 16/01/2012.
138,BDS0000138,407,5380000000,"211/5 MINH PHỤNG, PHƯỜNG 9, QUẬN 6, TP HCM",79,HĐTD SỐ  01/2011/PNG/TDHM NGÀY 25/03/2011
139,BDS0000139,407,18460000000,"211/5 MINH PHỤNG, PHƯỜNG 9, QUẬN 6, TP HCM",79,
140,BDS0000140,407,1540000000,"THỬA ĐẤT SỐ 28(1), TBĐ SỐ 30 XÃ TẢ THANH OAI, HUYỆN THANH TRÌ, THÀNH PHỐ HÀ NỘI",1,
141,BDS0000141,407,3525000000,"THỬA ĐẤT SỐ 28(1), TBĐ SỐ 30 XÃ TẢ THANH OAI, HUYỆN THANH TRÌ, THÀNH PHỐ HÀ NỘI",1,HỢP ĐỒNG TÍN DỤNG HẠN MỨC SỐ 011301/2012/HĐTDHM KÝ NGÀY 13/01/2012 
142,BDS0000142,407,2875000000,"THỬA ĐẤT SỐ 27, TBĐ SỐ 30, ĐỘI 4, XÃ TẢ THANH OAI, HUYỆN THANH TRÌ, THÀNH PHỐ HÀ NỘI",1,HỢP ĐỒNG TÍN DỤNG HẠN MỨC SỐ 011301/2012/HĐTDHM KÝ NGÀY 13/01/2012 
143,BDS0000143,407,30000000000,"THỬA ĐẤT SỐ 27, TBĐ SỐ 30, ĐỘI 4, XÃ TẢ THANH OAI, HUYỆN THANH TRÌ, THÀNH PHỐ HÀ NỘI",1,
144,BDS0000144,407,6920000000,"PHƯỜNG LĨNH NAM, HOÀNG MAI, HÀ NỘI",1,HĐTD SỐ 27/2012/HĐTDHM NGÀY 14/8/2012
145,BDS0000145,407,5500000000,"SỐ 15 NGÕ 155 NGÁCH 74, ĐƯỜNG TRƯỜNG CHINH, PHƯỜNG PHƯƠNG LIỆT, QUẬN THANH XUÂN",1,HĐTDHM SỐ 0014/2012/HĐTDHM NGÀY 9/8/2012
146,BDS0000146,407,620000000,"SỐ 15 NGÕ 155 NGÁCH 74, ĐƯỜNG TRƯỜNG CHINH, PHƯỜNG PHƯƠNG LIỆT, QUẬN THANH XUÂN",1,
147,BDS0000147,407,24450000000,"THÔN ÍCH VỊNH, XÃ VĨNH QUỲNH, HUYỆN THANH TRÌ",1,
148,BDS0000148,407,3200000000,"THÔN ÍCH VỊNH, XÃ VĨNH QUỲNH, HUYỆN THANH TRÌ",1,HĐTDHM SỐ 0014/2012/HĐTDHM NGÀY 9/8/2012
149,BDS0000149,407,609000000,"XÓM PHẠM HỒNG THÁI, XÃ HÀ HỒI, HUYỆN THƯỜNG TÍN",1,HĐTDHM SỐ 0014/2012/HĐTDHM NGÀY 9/8/2012
150,BDS0000150,407,24650000000,"XÓM PHẠM HỒNG THÁI, XÃ HÀ HỒI, HUYỆN THƯỜNG TÍN",1,
151,BDS0000151,407,28460000000,"HAI BÀ TRƯNG, HN",1,
152,BDS0000152,407,3000000000,"HAI BÀ TRƯNG, HN",1,TOÀN BỘ DƯ NỢ
153,BDS0000153,407,613000000,"CỐNG VỊ BA ĐÌNH, HN",1,TOÀN BỘ DƯ NỢ
154,BDS0000154,407,1200000000,"THỊNH LIỆT, HOÀNG MAI, HN",1,TOÀN BỘ DƯ NỢ
155,BDS0000155,407,23080000000,"THỊNH LIỆT, HOÀNG MAI, HN",1,
156,BDS0000156,407,15380000000,"QUẬN LÊ CHÂN, HẢI PHÒNG",31,
157,BDS0000157,407,1302000000,"QUẬN LÊ CHÂN, HẢI PHÒNG",31,TOÀN BỘ DƯ NỢ
158,BDS0000158,407,1164000000,"LONG BIÊN, HN",1,TOÀN BỘ DƯ NỢ
159,BDS0000159,407,2000000000,"LONG BIÊN, HN",1,
160,BDS0000160,407,17690000000,"THANH TRÌ, HN",1,
161,BDS0000161,407,2222000000,"THANH TRÌ, HN",1,TOÀN BỘ DƯ NỢ
162,BDS0000162,407,1000000000,"HUYỆN YÊN MỸ, TỈNH HƯNG YÊN ",33,TOÀN BỘ DƯ NỢ
163,BDS0000163,407,620000000,"HUYỆN YÊN MỸ, TỈNH HƯNG YÊN ",33,
164,BDS0000164,407,76920000000,"THÔN TRUNG VĂN, XÃ TRUNG VĂN, HUYỆN TỪ LIÊM, HÀ NỘI.",1,HĐBĐ SỐ 016796/HDTC NGÀY 03/12/2011
165,BDS0000165,4012,4420000000,"BĐS ĐỊA CHỈ TẠI SỐ NHÀ 32, PHỐ NGUYỄN TRÃI, PHƯỜNG MÁY TƠ, QUẬN NGÔ QUYỀN, TP HẢI PHÒNG. THỬA ĐẤT SỐ 13, TỜ BẢN ĐỒ SỐ A-5. DIỆN TÍCH 81.80M2.  - NGÔI NHÀ MÁI BÊ TÔNG, TƯÒNG GẠCH  4 TẦNG.  ",31,HĐTD SỐ 0096/11/HP NGÀY 22/11/2011
166,BDS0000166,4012,2920000000,"BĐS ĐỊA CHỈ TẠI SỐ NHÀ 32, PHỐ NGUYỄN TRÃI, PHƯỜNG MÁY TƠ, QUẬN NGÔ QUYỀN, TP HẢI PHÒNG. THỬA ĐẤT SỐ 13, TỜ BẢN ĐỒ SỐ A-5. DIỆN TÍCH 81.80M2.  - NGÔI NHÀ MÁI BÊ TÔNG, TƯÒNG GẠCH  4 TẦNG.  ",31,
167,BDS0000167,4012,16770000000,"BĐS ĐỊA CHỈ SỐ 22 ĐƯỜNG LÊ LỢI, P. MÁY TƠ, Q. NGÔ QUYỀN, TP HẢI PHÒNG. THỬA ĐẤT SỐ 128, TỜ BẢN ĐỒ SỐ MT-40. DIỆN TÍCH: 84.73M2  - TSGLVĐ: NHÀ 4 TẦNG  ",31,
168,BDS0000168,4012,6990000000,"BĐS ĐỊA CHỈ SỐ 22 ĐƯỜNG LÊ LỢI, P. MÁY TƠ, Q. NGÔ QUYỀN, TP HẢI PHÒNG. THỬA ĐẤT SỐ 128, TỜ BẢN ĐỒ SỐ MT-40. DIỆN TÍCH: 84.73M2  - TSGLVĐ: NHÀ 4 TẦNG  ",31,HĐTD SỐ 0096/11/HP NGÀY 22/11/2011
169,BDS0000169,407,4200000000,"THÔN SÁP MAI, XÃ VÕNG LA, HUYỆN ĐÔNG ANH, HÀ NỘI.",1,HĐTD SỐ 1524/10/CG NGÀY 12/07/2010.
170,BDS0000170,407,2200000000,"THÔN VỆ, XÃ NAM HỒNG, HUYỆN ĐÔNG ANH, HÀ NỘI",1,HĐTD SỐ 1524/10/CG NGÀY 12/07/2010.
171,BDS0000171,4012,15000000000,"THỊ XÃ CỬA LÒ, NGHỆ AN",4,HĐTD SỐ 71/10/HN NGÀY 20/12/2010
172,BDS0000172,4012,1850000000,"THỊ XÃ CỬA LÒ, NGHỆ AN",4,
173,BDS0000173,4012,19230000000,"XÃ NGHI HƯƠNG, THỊ XÃ CỬA LÒ, NGHỆ AN",4,
174,BDS0000174,4012,13500000000,"XÃ NGHI HƯƠNG, THỊ XÃ CỬA LÒ, NGHỆ AN",4,HĐTD SỐ 71/10/HN NGÀY 20/12/2010
175,BDS0000175,4012,13850000000,"28 ĐƯỜNG 29 PHƯỜNG 6 QUẬN GÒ VẤP, TP HCM",79,HĐTD SỐ 03/10/DHS-MSB/NT NGÀY 07/01/2011
176,BDS0000176,4012,29230000000,"28 ĐƯỜNG 29 PHƯỜNG 6 QUẬN GÒ VẤP, TP HCM",79,
177,BDS0000177,4012,3690000000,"SỐ 8, KHU K72, TRUNG ĐOÀN 17 THỊ TRẤN ĐỨC GIANG (SỐ MỚI LÀ SỐ 48, NGÕ 408 ĐƯỜNG NGÔ GIA TỰ, LONG BIÊN, HÀ NỘI). ",1,HĐTD SỐ 13/2012/HDTDHM NGÀY 03/05/2012
178,BDS0000178,4012,3080000000,"THỬA ĐẤT SỐ 14(3) TỜ BẢN ĐỔ SỐ 33, THỊ TRẤN CẦU DIỄN, TỪ LIÊM, HÀ NỘI, DIỆN TÍCH 50M2, ĐẤT Ở, LÂU DÀI",1,HĐTD SỐ 41.10/KHCN-SGD NGÀY 14/8/2010
179,BDS0000179,408,6958000000,"SỐ 278 BẾN VÂN ĐỒN, QUẬN 4, TP.HCM",79,MỌI NGHĨA VỤ TẠI NH
180,BDS0000180,408,14750000000,"SỐ 279 BẾN VÂN ĐỒN, QUẬN 4, TP.HCM",79,MỌI NGHĨA VỤ
181,BDS0000181,408,11250000000,"280 BẾN VÂN ĐỒN, QUẬN 4, TP.HCM",79,MỌI NGHĨA VỤ
182,BDS0000182,408,17000000000,"SỐ 281 BẾN VÂN ĐỒN, QUẬN 4, TP.HCM",79,MỌI NGHĨA VỤ
183,BDS0000183,408,5993000000,"SỐ 282 BẾN VÂN ĐỒN, QUẬN 4, TP.HCM",79,MỌI NGHĨA VỤ
184,BDS0000184,4012,1700000000,"SỐ 283 BẾN VÂN ĐỒN, QUẬN 4, TP.HCM",79,MỌI NGHĨA VỤ
185,BDS0000185,4012,5000000000,"NHÀ VÀ QSDĐ TẠI SỐ 232 VÕ THỊ SÁU, PHƯỜNG 7, QUẬN 3, TP.HCM",79,MỌI NGHĨA VỤ
186,BDS0000186,4012,1400000000,"SỐ 201 HOÀNG HOA THÁM, PHƯỜNG 6, Q. BÌNH THẠNH, TP.HCM",79,MỌI NGHĨA VỤ
187,BDS0000187,4012,3500000000,"240/PASTEUR, PHƯỜNG 6, QUẬN 3, TP.HCM",79,MỌI NGHĨA VỤ
188,BDS0000188,4012,1400000000,"SỐ 76/9 NGUYỄN THỊ THẬP, P. BÌNH THUẬN, QUẬN 7, TP.HCM",79,MỌI NGHĨA VỤ
190,BDS0000190,408,1080000000,TỔ 25 PHƯỜNG NGỌC THỤY HÀ NỘI,1,TOÀN BỘ NGHĨA VỤ DÂN SỰ CỦA BÊN VAY VỐN TẠI MSB
191,BDS0000191,408,28600000000,"THỬA ĐẤT SỐ 1, TỜ BẢN ĐỒ SỐ: TRÍCH ĐO HIỆN TRẠNG NĂM 2009, ĐỊA CHỈ:THÔN CẤN THƯỢNG, XÃ CẤN HỮU, HUYỆN QUỐC OAI, TP. HÀ NỘI",1,HĐTD HẠN MỨC SỐ 2510/2012/HĐTDHM NGÀY 25/10/2012
192,BDS0000192,4012,53100000000,"THỬA ĐẤT SỐ 22, TỜ BẢN ĐỒ SỐ: 27, ĐỊA CHỈ: KHU TT CÔNG TY XI MĂNG SÀI SƠN, HUYỆN QUỐC OAI, TP. HÀ NỘI",1,HĐTD HẠN MỨC SỐ 2510/2012/HĐTDHM NGÀY 25/10/2012
189,BDS0000189,408,15380000000,"QUYỀN SỬ DỤNG ĐẤT VÀ TÀI SẢN HÌNH THÀNH TRONG TƯƠNG LAI TRÊN ĐẤT (TÀI SẢN ĐƯỢC ĐẢM BẢO CHUNG CHO MSB, PVFC, BIDV VÀ DO BIDV LÀM ĐẦU MỐI QUẢN LÝ TS ĐB)",NULL,HĐ ĐẶT MUA TRÁI PHIẾU SỐ 08/HĐTP-MSB NGÀY 19/10/2011  VÀ  PHỤ LỤC SỬA ĐỔI HĐ MUA BÁN TRÁI PHIẾU NGÀY 18/10/2012    
193,BDS0000193,408,25798000000,"THỬA ĐẤT SỐ 48, TỜ BẢN ĐỒ SỐ: TRÍCH ĐO 1/3/1996, ĐỊA CHỈ: P8 NHÀ B – TT TỔNG CÔNG TY XNK KHOÁNG SẢN, SỐ 1 TÂN ẤP, PHƯỜNG PHÚC XÁ, QUẬN BA ĐÌNH, TP. HÀ NỘI",1,HĐTD HẠN MỨC SỐ 2510/2012/HĐTDHM NGÀY 25/10/2012
194,BDS0000194,408,23470000000,"THỬA ĐẤT SỐ 804, TỜ BẢN ĐỒ SỐ: 01, ĐỊA CHỈ: BẾN ĐỌ, NGÔ SÀI, THỊ TRẤN QUỐC OAI, HUYỆN QUỐC OAI, TP. HÀ NỘI",1,HĐTD HẠN MỨC SỐ 2510/2012/HĐTDHM NGÀY 25/10/2012
195,BDS0000195,408,8121000000,"THỬA ĐẤT SỐ 87(1), TỜ BẢN ĐỒ SỐ: 08, ĐỊA CHỈ: TỔ 8, PHƯỜNG BỒ ĐỀ, QUẬN LONG BIÊN, TP. HÀ NỘI",1,HĐTD HẠN MỨC SỐ 2510/2012/HĐTDHM NGÀY 25/10/2012
196,BDS0000196,408,32150000000,"THỬA ĐẤT SỐ 248, TỜ BẢN ĐỒ SỐ: 6G-IV-33, ĐỊA CHỈ: 5 NGÁCH 354/99 TRƯỜNG CHINH, PHƯỜNG KHƯƠNG THƯỢNG, QUẬN ĐỐNG ĐA, TP. HÀ NỘI",1,HĐTD HẠN MỨC SỐ 2510/2012/HĐTDHM NGÀY 25/10/2012
197,BDS0000197,408,20001000000,"THỬA ĐẤT SỐ: ./., TỜ BẢN ĐỒ SỐ: 00, TẠI THỊ TRẤN QUỐC OAI, HUYỆN QUỐC OAI, TP HÀ NỘI.",1,HĐTD HẠN MỨC SỐ 2510/2012/HĐTDHM NGÀY 25/10/2012
198,BDS0000198,4012,2920000000,"02 QSDĐ CÓ DIỆN TÍCH 88.729,3 M2 VÀ 39.610,3 M2 TẠI XÃ PHÚ CHÁNH, HUYỆN TÂN UYÊN, TỈNH BÌNH DƯƠNG",74,HỢP ĐỒNG MUA BÁN TRÁI PHIẾU SỐ 50/HĐTP/MSB NGÀY 08/06/2010.
199,BDS0000199,4012,3080000000,"KTĐC MỸ PHƯỚC III, XÃ THỚI HÒA BẾN CÁT, BÌNH DƯƠNG.",74,HĐTD SỐ 0383/09/BD  NGÀY 23/07/2009
200,BDS0000200,4012,1800000000,"THÔN QUẾ DƯƠNG, XÃ CÁT QUẾ, HOÀI ĐỨC, HÀ NỘI ",1,
201,BDS0000201,4012,2100000000,"XÃ LẠI YÊN, HOÀI ĐỨC,  HÀ NỘI",1,
202,BDS0000202,4012,3080000000,"XÃ HÒA LỢI, HUYỆN BẾN CÁT, TỈNH BÌNH DƯƠNG",74,HĐTD SỐ 0697/09/BD NGÀY 27/10/2009
203,BDS0000203,4012,12310000000,"BĐS SỐ 32 TRẦN HƯNG ĐẠO , PHƯỜNG TRẦN HƯNG ĐẠO, THÀNH PHỐ HẢI DƯƠNG. THỬA ĐẤT SỐ 59, TỜ BẢN ĐỒ SỐ 2. DIỆN TÍCH 74.2M2.",3,HĐTD SỐ 0014/11/HD NGÀY 12/03/2011    
204,BDS0000211,409,7230000000,"87 LÊ SAO, PHƯỜNG PHÚ THẠNH, QUẬN TÂN PHÚ, TP.HỒ CHÍ MINH.",NULL,HĐTD SỐ 005.2011/MAC/TDNT  NGÀY 10/01/2011
205,BDS0000212,409,10351000000,": THÔN THUNG TRÂM, XÃ HƯNG THI, HUYỆN LẠC THỦY, TỈNH HÒA BÌNH",17,HĐTD SỐ 03/11/HN  NGÀY14/01/2011
206,BDS0000213,409,1900000000,"XÓM RỘC, XÃ BÌNH MINH, HUYỆN THANH OAI, HÀ NỘI",1,HĐTD SỐ 03/11/HN  NGÀY14/01/2011
207,BDS0000204,4012,11600000000,"QUYỀN SỬ DỤNG ĐẤT VÀ TÀI SẢN GẮN LIỀN VỚI ĐẤT TẠI: KHỐI HẠNH PHÚC, PHƯỜNG VẠN PHÚC, HÀ ĐÔNG, HÀ NỘI, ĐỨNG TÊN HỘ BÀ ĐỖ THỊ VƯỢNG",1,HĐTD SỐ 0024/2011/SGD NGÀY 15/6/2011  SỐ 0038/2009/SGD NGÀY 03/9/2009  HĐTD SỐ 0048/11/SGD NGÀY 28/11/2011  
208,BDS0000205,4012,23851000000,"QUYỀN SỬ DỤNG ĐẤT VÀ TÀI SẢN GẮN LIỀN VỚI ĐẤT TẠI: KHỐI HẠNH PHÚC, PHƯỜNG VẠN PHÚC, HÀ ĐÔNG, HÀ NỘI, ĐỨNG TÊN HỘ BÀ ĐỖ THỊ DUNG",1,HĐTD SỐ 0024/2011/SGD NGÀY 15/6/2011  SỐ 0038/2009/SGD NGÀY 03/9/2009  HĐTD SỐ 0048/11/SGD NGÀY 28/11/2011  
209,BDS0000206,4012,11133000000,"QUYỀN SỬ DỤNG ĐẤT VÀ TÀI SẢN GẮN LIỀN VỚI ĐẤT TẠI: KHỐI HẠNH PHÚC, PHƯỜNG VẠN PHÚC, HÀ ĐÔNG, HÀ NỘI, ĐỨNG TÊN HỘ ÔNG NGUYỄN HỮU TÂN VÀ BÀ ĐỖ THỊ DUNG",1,HĐTD SỐ 0024/2011/SGD NGÀY 15/6/2011  SỐ 0038/2009/SGD NGÀY 03/9/2009  HĐTD SỐ 0048/11/SGD NGÀY 28/11/2011  
210,BDS0000207,4012,8600000000,"QUYỀN SỬ DỤNG ĐẤT VÀ TÀI SẢN GẮN LIỀN VỚI ĐẤT TẠI: TẠI NGÕ TÂY THÔN QUAN ĐÌNH, XÃ VĂN MÔN, HUYỆN YÊN PHONG, TỈNH BẮC NINH, ĐỨNG TÊN HỘ ÔNG NGUYỄN VĂN ĐẠO",27,HĐTD SỐ 0048/11/SGD NGÀY 28/11/2011
237,BDS0000232,409,2500000000,"TRIỆU VIỆT VƯƠNG, QUẬN HAI BÀ TRƯNG, HN",1,
238,BDS0000233,409,251000000,"CỐNG VỊ BA ĐÌNH, HN",1,
239,BDS0000234,409,413000000,"THỊNH LIỆT, HOÀNG MAI, HN",1,
240,BDS0000235,409,131000000,"PHƯỜNG VĨNH NIỆM, QUẬN LÊ CHÂN, HẢI PHÒNG",31,
241,BDS0000236,409,126000000,"TỔ 13 PHƯỜNG THẠCH BÀN, LONG BIÊN, HN",1,
242,BDS0000237,409,350000000,"THANH TRÌ, HN",1,
243,BDS0000238,409,80000000,"THỬA ĐẤT SỐ 649, TỜ BẢN ĐỒ SỐ 9 XÃ GIAI PHẠM, HUYỆN YÊN MỸ, TỈNH HƯNG YÊN",33,
211,BDS0000208,4012,6450000000,"QUYỀN SỬ DỤNG ĐẤT VÀ TÀI SẢN GẮN LIỀN VỚI ĐẤT TẠI: THÔN QUAN ĐÌNH, XÃ VĂN MÔN, HUYỆN YÊN PHONG, TỈNH BẮC NINH, ĐỨNG TÊN HỘ ÔNG NGUYỄN VĂN ĐÀO",27,HĐTD SỐ 0048/11/SGD NGÀY 28/11/2011
212,BDS0000209,4012,17687000000,"QUYỀN SỬ DỤNG ĐẤT VÀ TÀI SẢN GẮN LIỀN VỚI ĐẤT TẠI: TỔ 9 CỤM 2 HẠ ĐÌNH, THANH XUÂN, HÀ NỘI, ĐỨNG TÊN ÔNG LẠI TRUNG DŨNG VÀ BÀ NGÔ THỊ BÍCH VÂN",1,HĐTD SỐ 0048/11/SGD NGÀY 28/11/2011  HĐTD SỐ 0024/2011/SGD NGÀY 15/6/2011  
213,BDS0000210,4012,30770000000,"BĐS TẠI 180/32 LÝ THÁNH TÔNG, PHƯỜNG HIỆP TÂN, QUẬN TÂN PHÚ, TP.HCM.  THỬA ĐẤT SỐ 111, TỜ BẢN ĐỒ SỐ81 (BĐĐC) DIỆN TÍCH 155,94M2  ",79,HỢP ĐỒNG TÍN DỤNG SỐ 085/2011/TDHM/MSB-CH NGÀY 29/04/2011.    
214,BDS0000214,409,2600000000,"THỊ TRẤN THANH HÀ, HUYỆN KIM BÔI, TỈNH HÒA BÌNH.",17,HĐTD SỐ 03/11/HN  NGÀY14/01/2011
215,BDS0000215,409,15000000000,"QUYỀN SỬ DỤNG ĐẤT TẠI THỬA ĐẤT SỐ 26A, TỜ BẢN ĐỒ SỐ 06 TẠI THÔN CÁCH THƯỢNG, XÃ NAM SƠN, HUYỆN AN DƯƠNG, TP HẢI PHÒNG  DIỆN TÍCH: 650 M2  MỤC ĐÍCH: ĐẤT Ở NÔNG THÔN  THỜI HẠN: LÂU DÀI  (CHỦ TS: NGUYỄN ĐÌNH HIỆP)  ",31,HỢP ĐỒNG TÍN DỤNG 0036/2012/HĐTDHM NGÀY 16/07/2012    
216,BDS0000216,409,1327000000,"QUYỀN SỬ DỤNG ĐẤT TẠI THỬA ĐẤT SỐ 27A, TỜ BẢN ĐỒ SỐ 06 TẠI THÔN CÁCH THƯỢNG, XÃ NAM SƠN, HUYỆN AN DƯƠNG, TP HẢI PHÒNG  DIỆN TÍCH: 316 M2  MỤC ĐÍCH: ĐẤT Ở NÔNG THÔN  THỜI HẠN: LÂU DÀI  (CHỦ TS: NGUYỄN ĐÌNH HIỆP)  ",31,HỢP ĐỒNG TÍN DỤNG 0036/2012/HĐTDHM NGÀY 16/07/2012    
217,BDS0000217,409,2416000000,"QUYỀN SỬ DỤNG 685 M2 ĐẤT TẠI THỬA ĐẤT SỐ 25, TỜ BẢN ĐỒ SỐ 06 TẠI THÔN CÁCH THƯỢNG, XÃ NAM SƠN, HUYỆN AN DƯƠNG, TP HẢI PHÒNG  DIỆN TÍCH: 685 M2  MỤC ĐÍCH: ĐẤT Ở NÔNG THÔN  THỜI HẠN: LÂU DÀI  (CHỦ TS: NGUYỄN ĐÌNH HIỆP)  ",31,HỢP ĐỒNG TÍN DỤNG 0036/2012/HĐTDHM NGÀY 16/07/2012    
218,BDS0000218,409,2112000000,"QSDĐ TẠI THỬA ĐẤT SỐ 24, TỜ BẢN ĐỒ SỐ 06 TẠI THÔN CÁCH THƯỢNG, XÃ NAM SƠN, HUYỆN AN DƯƠNG, TP HẢI PHÒNG.  DIỆN TÍCH: 600 M2  MỤC ĐÍCH: ĐẤT Ở NÔNG THÔN  THỜI HẠN: LÂU DÀI  (CHỦ TS: NGUYỄN ĐÌNH HIỆP)  ",31,HỢP ĐỒNG TÍN DỤNG 0036/2012/HĐTDHM NGÀY 16/07/2012    
219,BDS0000219,409,756000000,"QUYỀN SỬ DỤNG ĐẤT VÀ TẢI SẢN TRÊN ĐẤT TẠI THỬA ĐẤT SỐ 32, TỜ BẢN ĐỒ SỐ 302590-3-(10) TẠI 19K15 KHU TẬP THỂ KHÚC TRÌ, PHƯỜNG NGỌC SƠN, KIẾN AN, TP HẢI PHÒNG  DIỆN TÍCH ĐẤT: 96,4 M2  (CSH: TRỊNH QUỐC LẬP VÀ TRẦN THỊ SÁU)  ",31,HỢP ĐỒNG TÍN DỤNG 0036/2012/HĐTDHM NGÀY 16/07/2012    
220,BDS0000252,409,820000000,"PHƯỜNG CHÁNH NGHĨA, THỊ XÃ THỦ DẦU MỘT, TỈNH BÌNH DƯƠNG",74,
221,BDS0000253,409,146000000,"PHƯỜNG CHÁNH NGHĨA, THỊ XÃ THỦ DẦU MỘT, TỈNH BÌNH DƯƠNG",74,
222,BDS0000254,409,750000000,"PHƯỜNG CHÁNH NGHĨA, THỊ XÃ THỦ DẦU MỘT, TỈNH BÌNH DƯƠNG",74,
223,BDS0000255,409,169000000,"PHƯỜNG CHÁNH NGHĨA, THỊ XÃ THỦ DẦU MỘT, TỈNH BÌNH DƯƠNG",74,
224,BDS0000256,409,3000000000,"PHƯỜNG CHÁNH NGHĨA, THỊ XÃ THỦ DẦU MỘT, TỈNH BÌNH DƯƠNG",74,
225,BDS0000220,409,1320000000,"QUYỀN SỬ DỤNG 120 M2 ĐẤT TẠI THỬA ĐẤT SỐ 102, TỜ BẢN ĐỒ SỐ 222-B-II TẠI XÃ TRƯỜNG SƠN, HUYỆN AN LÃO, TP HẢI PHÒNG  DIỆN TÍCH: 120 M2  (CSH: NGUYỄN VĂN HOẠT VÀ TRỊNH THỊ MINH CHI)  ",31,HỢP ĐỒNG TÍN DỤNG 0036/2012/HĐTDHM NGÀY 16/07/2012    
226,BDS0000221,409,1800000000,"BĐS TẠI YÊN QUÁN, XÃ TÂN PHÚ, HUYỆN QUỐC OAI, TỈNH HÀ TÂY CŨ NAY LÀ TP HÀ NỘI. THỬA ĐẤT SỐ 135(2), TỜ BẢN ĐỒ SỐ 2. DIỆN TÍCH: 152M2",28,HĐTD SỐ 1371 NGÀY 12/8/2009
227,BDS0000222,409,300000000,"BĐS TẠI THÔN CÙ SƠN, XÃ VÂN CÔNM HUYỆN HOÀI ĐỨC, TỈNH HÀ TÂY CŨ NAY LÀ THÀNH PHỐ HÀ NỘI. THỬA ĐẤT SỐ 123, TỜ BẢN ĐỒ SỐ 8. DIỆN TÍCH 171.2M2",28,HĐTD SỐ 1371 NGÀY 12/8/2009
229,BDS0000224,409,24000000000,"27-29 HAI BÀ TRƯNG, HẢI PHÒNG ",31,
230,BDS0000225,409,3000000000,"XÃ BẠCH ĐẰNG, XÃ ĐOÀN LẬP, TIÊN LÃNG, HẢI PHÒNG",31,
231,BDS0000226,409,22620000000,"264/10/18 LÊ VĂN LƯƠNG KHU PHỐ I, P. TÂN HƯNG, Q. 7, HCM.",79,
232,BDS0000227,4012,15380000000,"39ª LƯƠNG KHÁNH THIỆN, NGÔ QUYỀN, HẢI PHÒNG",31,
233,BDS0000228,409,27380000000,"34 TÔN ĐỨC THẮNG, QUẬN 1, TP HCM",79,
234,BDS0000229,409,3230000000,THÀNH PHỐ HỒ CHÍ MINH,79,
235,BDS0000230,409,2310000000,THÀNH PHỐ HỒ CHÍ MINH,79,
236,BDS0000231,409,3230000000,THÀNH PHỐ HỒ CHÍ MINH,79,
228,BDS0000223,409,40000000000,"44 THỬA ĐẤT BAO GỒM: THỬA ĐẤT SỐ 29; 66; 71; 74; 75; 76; 77; 78; 79; 105; 106; 107; 111; 112; 146; 147; 148; 149; 150; 152; 153; 217; 574; 616; 618; 620; 626; 628; 632; 634; 67; 68; 69; 70; 108; 109; 113; 114; 218; 219; 220; 565; 622; 624, TỜ BẢN ĐỒ SỐ 7 TẠI ẤP TÂN ĐÔNG, XÃ TÂN QUỚI, HUYỆN BÌNH TÂN, TỈNH VĨNH LONG.",86,HĐTD SỐ 13/CT/2011 NGÀY 03/08/2011
244,BDS0000239,409,54620000000,"SỐ 83 TRẦN PHÚ, VĨNH NGUYÊN, NHA TRANG, KHÁNH HÒA",56,
245,BDS0000240,409,2000000000,"HU NHÀ Ở ĐƯỜNG NGUYỄN QUYỀN, PHƯỜNG ĐẠI PHÚC, TP BẮC NINH, TỈNH BẮC NINH",27,
246,BDS0000241,409,1250000000,"THỬA ĐẤT SỐ 96, TỜ BẢN ĐỒ SỐ 28 TẠI XÓM PHÚ LỘC, XÃ HỒNG KỲ, HUYỆN SÓC SƠN, THÀNH PHỐ HÀ NỘI",1,
247,BDS0000242,409,800000000,"THỬA ĐẤT 86 + 95 TẠI XÓM PHÚ LỘC, XÃ HỒNG KỲ, SÓC SƠN, THÀNH PHỐ HÀ NỘI",1,
248,BDS0000243,409,1350000000,"TỜ BẢN ĐỒ SỐ 28 TẠI XÓM PHÚ LỘC, THÔN 7, XÃ HỒNG KỲ, SÓC SƠN, THÀNH PHỐ HÀ NỘI",1,
249,BDS0000244,409,2590000000,"QUYỀN SỬ DỤNG ĐẤT VÀ TÀI SẢN GẮN LIỀN VỚI ĐẤT TẠI THỬA ĐẤT SỐ: 3, TỜ BẢN ĐỒ SỐ 49, TỔ 34 PHƯỜNG NGỌC THỤY, QUẬN LONG BIÊN, HÀ NỘI",1,
250,BDS0000245,409,678000000,"QUYỀN SỬ DỤNG ĐẤT VÀ TÀI SẢN GẮN LIỀN VỚI ĐẤT TẠI THỬA ĐẤT SỐ: 47(F), TỜ BẢN ĐỒ SỐ; 5I-I-28, SỐ 44, NGÕ 296 PHỐ MINH KHAI, PHƯỜNG MAI ĐỘNG, QUẬN HOÀNG MAI, THÀNH PHỐ HÀ NỘI.",1,
251,BDS0000246,409,552000000,"QUYỀN SỬ DỤNG ĐẤT VÀ TÀI SẢN GẮN LIỀN VỚI ĐẤT TẠI THỬA ĐẤT SỐ: 96 TỜ BẢN ĐỒ SỐ PL 30, KHU ĐÔ THỊ MỚI ĐỒNG VĂN, THỊ TRẤN ĐỒNG VĂN, HUYỆN DUY TIÊN, TỈNH HÀ NAM.",35,
252,BDS0000247,409,960000000,"QUYỀN SỬ DỤNG ĐẤT VÀ TÀI SẢN GẮN LIỀN VỚI ĐẤT TẠI THỬA ĐẤT SỐ: 02, Ô ĐẤT NV02-L06 KHU ĐÔ THỊ CHI ĐÔNG, HUYỆN MÊ LINH, TP. HÀ NỘI",1,
253,BDS0000248,409,4620000000,THÔN 2 XÃ THỦY NGUYÊN THÀNH PHỐ HẢI PHÒNG,31,
254,BDS0000249,409,576000000,"PHƯỜNG PHÚ THỌ, THỊ XÃ THỦ DẦU MỘT, TỈNH BÌNH DƯƠNG",74,
255,BDS0000250,409,531000000,"ẤP BÌNH PHÚ, XÃ BÌNH CHUẨN, HUYỆN THUẬN AN, TỈNH BÌNH DƯƠNG",74,
256,BDS0000251,409,585000000,"PHƯỜNG HIỆP THÀNH, THỊ XÃ THỦ DẦU MỘT, TỈNH BÌNH DƯƠNG",74,
257,BDS0000257,409,4444000000,"HUYỆN CHƯƠNG MỸ, HÀ NỘI",1,
258,BDS0000258,409,1106000000,THÔN ĐỒI 1 – XÃ ĐÔNG PHƯƠNG YÊN – HUYỆN CHƯƠNG MỸ - TP HÀ NỘI.,1,
259,BDS0000259,409,880000000,THÔN NGHĨA HẢO – XÃ PHÚ NGHĨA – HUYỆN CHƯƠNG MỸ - TP HÀ NỘI,1,
260,BDS0000260,409,677000000,"KHU CỬA ĐÌNH, THÔN PHÙ YÊN – XÃ TRƯỜNG YÊN – HUYỆN CHƯƠNG MỸ - TP HÀ NỘI",1,
261,BDS0000261,409,645000000,THÔN NGHĨA HẢO – XÃ PHÚ NGHĨA – HUYỆN CHƯƠNG MỸ - TP HÀ NỘI,1,
262,BDS0000262,409,796000000,"THỬA ĐẤT SỐ 511, TÒ BẢN ĐỒ SỐ 01, THÔN NHẬT TIẾN, XÃ TRƯỜNG YÊN,  CHƯƠNG MỸ, TP. HÀ NỘI",1,
263,BDS0000263,409,1064000000,"THỬA SỐ 245, TỜ BẢN ĐỒ SỐ 1, THÔN NHẬT TIẾN, XÃ TRƯỜNG YÊN,  CHƯƠNG MỸ, TP. HÀ NỘI",1,
264,BDS0000264,409,745000000,"DIỆN TÍCH 242M2, THỬA 510, TỜ BẢN ĐỒ 01, THÔN NHẬT TIẾN, XÃ TRƯỜNG YÊN,  CHƯƠNG MỸ, TP. HÀ NỘI",1,
265,BDS0000265,409,3000000000,"THỬA 199, TỜ BẢN ĐỒ SỐ 1, TẠI THÔN NHẬT TIẾN, XÃ TRƯỜNG YÊN,  CHƯƠNG MỸ, TP. HÀ NỘI",1,
266,BDS0000266,409,3820000000,"F1, ĐƯỜNG MẬU THÂN, PHƯỜNG XUÂN KHÁNH, QUẬN NINH KIỀU, TP.CẦN THƠ.",92,
267,BDS0000267,409,356000000,HĐTD SỐ: 26/CT/2011 NGÀY 03/10/2011,NULL,
268,BDS0000268,409,678000000,"ĐẤT TẠI THỬA ĐẤT 46, TỜ BẢN ĐỒ SỐ 11, KHU VỰC III,CỒN KHƯƠNG, PHƯỜNG CÁI KHẾ, TP.CẦN THƠ",92,
269,BDS0000269,409,240000000,"ĐẤT TẠI 8/7 ĐƯỜNG MẬU THÂN, PHƯỜNG AN HÒA, QUẬN NINH KIỀU, TP.CẦN THƠ.",92,
270,BDS0000270,409,583000000,"QUYỀN SỬ DỤNG ĐẤT TẠI 45 P1 ĐƯỜNG MẬU THÂN, PHƯỜNG AN HÒA QUẬN NINH KIỀU, TP.CẦN THƠ",92,
271,BDS0000271,409,4126000000,"ĐẤT SỐ 362, TỜ BẢN ĐỒ SỐ 12, PHƯỜNG 6",NULL,
272,BDS0000272,409,489000000,"SỐ 1, TỜ BẢN ĐỒ SỐ 18, PHƯỜNG 4",NULL,
273,BDS0000273,409,1767000000,"TỜ BẢN ĐỒ SỐ 02 (MỚI 17), PHƯỜNG 4",NULL,
274,BDS0000274,409,1260000000,"LÔ 4B KHU CN THỤY VÂN, TP.VIỆT TRÌ, PHÚ THỌ",25,
275,BDS0000275,409,1280000000,"TỔ 10, PHƯỜNG TRUNG HÒA, QUẬN CẦU GIẤY, HÀ NỘI",1,
276,BDS0000276,409,1932000000,"XÃ TRUNG VĂN, HUYỆN TỪ LIÊM, HÀ NỘI",1,
277,BDS0000277,409,3230000000,"TỔ 8 KHU ĐƯỜNG 5/1, PHƯỜNG HÙNG VƯƠNG, QUẬN HỒNG BÀNG, TP HẢI PHÒNG.",31,
278,BDS0000278,409,2400000000,"KHU NHÀ Ở ĐƯỜNG NGUYỄN QUYỀN, PHƯỜNG ĐẠI PHÚC , TP BẮC NINH, TỈNH BẮC NINH",27,
279,BDS0000279,409,4460000000,"LÔ TT2 DÃY B, Ô SỐ 6 BẮC LINH ĐÀM, HOÀNG MAI, HN",1,
280,BDS0000280,409,12150000000,"17 HÀNG NÓN, P. HÀNG GAI, HOÀN KIẾM, HÀ NỘI",1,
281,BDS0000281,409,26770000000,"THÔN TRUNG VĂN, XÃ TRUNG VĂN, HUYỆN TỪ LIÊM, HÀ NỘI.",1,
282,BDS0000282,409,3790000000,"THỬA ĐẤT SỐ 31B, TỜ BẢN ĐỒ SỐ 55, KHU VỰC 382, XÃ UY NỖ, HUYỆN ĐÔNG ANH, THÀNH PHỐ HÀ NỘI",1,
283,BDS0000283,409,1498000000,"THỬA ĐẤT SỐ 31, TỜ BẢN ĐỒ SỐ 55, KHU VỰC 382, XÃ UY NỖ, HUYỆN ĐÔNG ANH, THÀNH PHỐ HÀ NỘI",1,
284,BDS0000284,409,1000000000,"HỬA ĐẤT SỐ 31A, TỜ BẢN ĐỒ SỐ 55, KHU VỰC 382, XÃ UY NỖ, HUYỆN ĐÔNG ANH, THÀNH PHỐ HÀ NỘI",1,
285,BDS0000285,409,4460000000,"THỬA ĐẤT SỐ 38 TẠI ĐỊA CHỈ SỐ 38 NGÁCH 192/72 PHỐ LÊ TRỌNG TẤN, PHƯỜNG KHƯƠNG MAI, QUẬN THANH XUÂN, THÀNH PHỐ HÀ NỘI",1,
286,BDS0000286,4012,2700000000,"HỬA ĐẤT SỐ 91, TỜ BẢN ĐỒ SỐ 52, SỐ 22, TỔ 42, CỤM 7, PHƯỜNG NGỌC HÀ, QUẬN BA ĐÌNH",1,
287,BDS0000287,409,500000000,"THỬA 21, TỜ BẢN ĐỒ 41 TẠI XÃ VĨNH QUỲNH",1,
288,BDS0000288,409,705000000,"THỬA ĐẤT SỐ 11, TỜ BẢN ĐỒ SỐ 9 TẠI THÔN QUỲNH ĐÔ, XÃ VĨNH QUỲNH",1,
289,BDS0000289,4012,710000000,"THỬA SỐ 92, TỜ BẢN ĐỒ SỐ 31, XÃ VĨNH QUỲNH",1,
290,BDS0000290,4012,516000000,"THỬA ĐẤT 61, TỜ BẢN ĐỒ 8H-II-32, SỐ 22 TỔ 42 CỤM 7 PHƯỜNG NGỌC HÀ",1,
291,BDS0000291,409,784000000,"THỬA ĐẤT SỐ 48, TỜ BẢN ĐỒ 19, TỔ DÂN PHỐ CHÍNH TRUNG, THỊ TRẤN TRÂU QUỲ",1,
292,BDS0000292,4012,1200000000,"THỬA ĐẤT SỐ 44 TỜ BẢN ĐỒ SỐ 30, XÃ NGHI HƯƠNG, THỊ XÃ CỬA LÒ, NGHỆ AN",4,
293,BDS0000293,4012,2200000000,"THỬA ĐẤT SỐ 43 TỜ BẢN ĐỒ SỐ 30, XÃ NGHI HƯƠNG, THỊ XÃ CỬA LÒ, NGHỆ AN",4,
294,BDS0000294,4012,800000000,"CĂN HỘ SỐ 08 NHÀ Q100, TT TRƯƠNG ĐỊNH, PHƯỜNG TƯƠNG MAI, QUẬN HOÀNG MAI, THÀNH PHỐ HÀ NỘI",1,
295,BDS0000295,4012,2000000000,"THỬA ĐẤT SỐ 12 TỜ BẢN ĐỒ SỐ 6G-III-27 TỔ 42A, PHƯỜNG KHƯƠNG ĐÌNH QUẬN THANH XUÂN, HÀ NỘI",1,
296,BDS0000296,4012,1690000000,"SỐ NHÀ 30 NGÕ 191 XÓM THƯỢNG ĐÌNH, THÔN CÁO ĐỈNH PHƯỜNG XUÂN ĐỈNH HUYỆN TỪ LIÊM HÀ NỘI.",1,
297,BDS0000297,410,400000000,"SỐ 100, TỜ BẢN ĐỒ SỐ 08 THÔN THUNG TRÂM XÃ HƯNG THI, LẠC THỦY - HÒA BÌNH",17,
298,BDS0000298,410,2600000000,"SỐ 107 TỜ BẢN ĐỒ SỐ 13 THỊ TRẤN THANH HÀ, HUYỆN KIM BÔI, TỈNH HÒA BÌNH.",17,
299,BDS0000299,410,892000000,"SỐ 113 TỜ BẢN ĐỒ SỐ 1 XÓM RỘC, XÃ BÌNH MINH, HUYỆN THANH OAI, HÀ NỘI.",1,
300,BDS0000300,410,3080000000,"THỬA ĐẤT SỐ 168; TỜ BẢN ĐỒ SỐ 02, TẠI SỐ 4B/4, PHỐ QUANG TRUNG, PHƯỜNG QUANG TRUNG, THỊ XÃ SƠN TÂY, TỈNH HÀ TÂY (NAY LÀ THÀNH PHỐ HÀ NỘI).",1,
301,BDS0000301,410,1050000000,"HU ĐTM MỸ ĐÌNH – MỄ TRÌ, XÃ MỄ TRÌ, HUYỆN TỪ LIÊM, THÀNH PHỐ HÀ NỘI",1,
302,BDS0000302,4012,2870000000,XÃ XUÂN GIANG,NULL,
303,BDS0000303,410,827000000,"THÔN SƠN DU, XÃ NGUYÊN KHÊ",1,
304,BDS0000304,410,610000000,"THÔN LƯƠNG ĐÌNH, XÃ BẮC SƠN,",1,
305,BDS0000305,410,524000000,"THÔN ĐÔNG, XÃ PHÚ MINH",1,
306,BDS0000306,4012,408000000,"XUÂN BẢNG, XÃ NAM SƠN",1,
307,BDS0000307,410,524000000,"SỐ 7 NGÁCH 11, NGÕ 294 ĐỘI CẤN, PHƯỜNG CỐNG VỊ",1,
308,BDS0000308,4012,1050000000,"Ố 1, NGÁCH 46/42 PHẠM NGỌC THẠCH, PHƯỜNG PHƯƠNG LIÊN, QUẬN ĐỐNG ĐA, TP. HÀ NỘI.",1,
309,BDS0000309,4012,2920000000,"SỐ 2/165E KHU PHỐ 3, PHƯỜNG TĂNG NHƠN PHÚ B, QUẬN 9, TP.HCM",79,
310,BDS0000310,4012,826000000,"THỬA ĐẤT SỐ 208, THỬA ĐẤT SỐ 02, KHỐI 1, PHƯỜNG TRƯỜNG THI, TP VINH, NGHỆ AN.",4,
311,BDS0000311,4012,2000000000,"HỬA 229, TỜ BẢN ĐỒ 02 , KHỐI 1, PHƯỜNG TRƯỜNG THI, TP VINH.",4,
312,BDS0000312,4012,3380000000,"HỬA ĐẤT SỐ 9 – TX3-TT CÔNG TY VTTBGT2, PHƯỜNG NHÂN CHÍNH, QUẬN THANH XUÂN, THÀNH PHỐ HÀ NỘI",1,
313,BDS0000313,4012,3600000000,"HỬA ĐẤT SỐ 99, TỜ BẢN ĐỒ SỐ 11. ĐỊA CHỈ TỔ DÂN PHỐ SỐ 01, PHƯỜNG NGÔ QUYỀN, THÀNH PHỐ BẮC GIANG",24,
314,BDS0000314,4012,1169000000,"THỬA ĐẤT SỐ 432, TỜ BẢN ĐỒ SỐ 9. ĐỊA CHỈ ĐƯỜNG LÊ LỢI, PHƯỜNG LÊ LỢI, THÀNH PHỐ BẮC GIANG, TỈNH BẮC GIANG",24,
315,BDS0000315,4012,977000000,"THỬA ĐẤT SỐ 128, TỜ BẢN ĐỒ SỐ 9. ĐỊA CHỈ ĐƯỜNG LÊ LỢI, PHƯỜNG LÊ LỢI, THÀNH PHỐ BẮC GIANG, TỈNH BẮC GIANG",24,
316,BDS0000316,4012,752000000,"THỬA ĐẤT SỐ 14, TỜ BẢN ĐỒ SỐ 63. ĐỊA CHỈ KHU HỒNG HÀ 1, PHƯỜNG BẾN GÓT, THÀNH PHỐ VIỆT TRÌ, TỈNH PHÚ THỌ",25,
317,BDS0000317,4012,840000000,"THỬA ĐẤT SỐ B20, TỜ BẢN ĐỒ SỐ QH. ĐỊA CHỈ KHU MAY MẶC, XÃ KIM LONG, HUYỆN TAM DƯƠNG, TỈNH VĨNH PHÚC",26,
318,BDS0000318,4012,2990000000,THỬA ĐẤT SỐ 125 TỜ BẢN ĐỒ SỐ 16 PHƯỜNG HẢI ĐÌNH ĐỒNG HỚI QUẢNG BÌNH,44,
319,BDS0000319,4012,450000000,THỬA ĐẤT SỐ 95 TỜ BẢN ĐỒ SỐ 16 PHƯỜNG HẢI ĐÌNH THÀNH PHỐ ĐỒNG HỚI QUẢNG BÌNH,44,
320,BDS0000320,4012,589000000,THỬA ĐẤT SỐ 53 TỜ BẢN ĐỒ SỐ 21 PHƯỜNG HẢI ĐÌNH THÀNH PHỐ ĐỒNG HỚI TỈNH QUẢNG BÌNH,44,
321,BDS0000321,4012,689000000,THỬA ĐẤT SỐ 54 TỜ BẢN ĐỒ SỐ 21 PHƯỜNG HẢI ĐÌNH THÀNH PHỐ ĐỒNG HỚI QUẢNG BÌNH,44,
322,BDS0000322,4012,1980000000,"TỔ 22, PHƯỜNG SÔNG BẰNG, THỊ XÃ CAO BẰNG, TỈNH CAO BẰNG.",4,
323,BDS0000323,4012,750000000,"TỔ 22, PHƯỜNG SÔNG BẰNG, THỊ XÃ CAO BẰNG, TỈNH CAO BẰNG.",4,
324,BDS0000324,4012,750000000,"TỔ 22, PHƯỜNG SÔNG BẰNG, THỊ XÃ CAO BẰNG, TỈNH CAO BẰNG",4,
325,BDS0000325,4012,1400000000,"XÃ ÁI QUỐC, TP HẢI DƯƠNG, TỈNH HẢI DƯƠNG",3,
326,BDS0000326,4012,562000000,"XÃ ÁI QUỐC, TP HẢI DƯƠNG, TỈNH HẢI DƯƠNG",3,
327,BDS0000327,4012,753000000,"XÃ ÁI QUỐC, TP HẢI DƯƠNG, TỈNH HẢI DƯƠNG",3,
328,BDS0000328,4012,381000000,"XÃ ÁI QUỐC, TP HẢI DƯƠNG, TỈNH HẢI DƯƠNG",3,
329,BDS0000329,4012,502000000,"XÃ ÁI QUỐC, TP HẢI DƯƠNG, TỈNH HẢI DƯƠNG",3,
330,BDS0000330,4012,2114000000,"ĐỊA CHỈ SỐ 6 NGÕ 294 ĐỘI CẤN, BA ĐÌNH, HÀ NỘI",1,
331,BDS0000331,4012,310000000,"SỐ 268 ĐỘI CẤN, BA ĐÌNH, HÀ NỘI",1,
332,BDS0000332,4012,537000000,"SỐ 22 LÔ 01C KHU ĐÔ THỊ TRUNG YÊN, CẦU GIẤY, HÀ  NỘI",1,
333,BDS0000333,4012,860000000,"SỐ 31 PHỐ LINH LANG, BA ĐÌNH, HÀ  NỘI",1,
334,BDS0000334,4012,560000000,"SỐ 52 NGÁCH 462/10 ĐƯỜNG BƯỞI, BA ĐÌNH, HÀ  NỘI",1,
335,BDS0000335,4012,3540000000,"ĐỊA CHỈ P.28, Q.BÌNH THẠNH, TP.HCM.  SỐ TỜ BẢN ĐỒ: 2; SỐ THỬA: 954",79,
336,BDS0000336,4012,860000000,"DỰ ÁN KHU ĐÔ THỊ CAO CẤP NGUYỄN QUYỀN, TP BẮC NINH.",27,
337,BDS0000337,4012,12310000000,"6-8 ĐOÀN VĂN BƠ, PHƯỜNG 09, QUẬN 04, TP HCM",79,
338,BDS0000338,4012,25000000000,"36-38 NGUYỄN TRƯỜNG TỘ, PHƯỜNG 12, QUẬN 4, TP HCM",79,
339,BDS0000339,4012,19850000000,THỊ TRẤN THUẬN AN,46,
340,BDS0000340,4012,1800000000,"97 NƠ TRANG LONG, P.11, Q BÌNH THẠNH, TP HCM",79,
341,BDS0000341,4012,4310000000,"THỬA ĐẤT 1/229 KBT PHÚ GIA H21,22,27,28, SỐ 01 HÀ HUY TẬP, TÂN PHONG, QUẬN 7, TP.HCM",79,
342,BDS0000342,4012,3380000000,"THÔN NGỌC TRỤC, XÃ ĐẠI MỖ, HUYỆN TỪ LIÊM, HÀ NỘI",1,ĐẤT Ở
343,BDS0000343,4012,3380000000,HÀ NỘI,1,
344,BDS0000344,4012,3380000000,HÀ NỘI,1,
345,BDS0000345,4012,3850000000,"HUYỀN KỲ, P. PHÚ LÂM, Q. GIA LÂM, HÀ NỘI",1,ĐẤT Ở
346,BDS0000346,4012,3850000000,HÀ NỘI,1,
347,BDS0000347,4012,3850000000,HÀ NỘI,1,
348,BDS0000348,4012,4620000000,"CĂN 1116, NHÀ Ở 7B, HOÀNG LIỆT, THANH TRÌ, HÀ NỘI",1,ĐẤT Ở
349,BDS0000349,4012,4620000000,HÀ NỘI,1,
350,BDS0000350,4012,4620000000,HÀ NỘI,1,
351,BDS0000351,4012,16000000000,TỈNH TÂY NINH ,72,"ĐẤT Ở, CLN"
352,BDS0000352,4012,15380000000,HÀ NỘI,1,
353,BDS0000353,4012,15380000000,HÀ NỘI,1,
354,BDS0000354,4012,6810000000,"53 ĐƯỜNG SỐ 4, KP 6, TRƯỜNG THỌ, THỦ ĐỨC, HCM",79,ĐẤT Ở
355,BDS0000355,4012,17690000000,"XÃ BÌNH HOÀ, THUẬN AN, BÌNH DƯƠNG",74,XÂY DỰNG CÔNG TRÌNH CÔNG NGHIỆP
356,BDS0000356,402,84620000000,"KHU ĐÔ THỊ MỚI HÒA HẢI 1-3, PHƯỜNG HẢI HÒA, NGŨ HÀNH SƠN",48,ĐẤT XÂY DỰNG KHÁCH SẠN
357,BDS0000357,4012,38460000000,HÀ NỘI,1,
358,BDS0000358,4012,23850000000,HÀ NỘI,1,
359,BDS0000359,402,19230000000,"KHU ĐÔ THỊ MỚI HÒA HẢI 1-3, PHƯỜNG HÒA HẢI, NGŨ HÀNH SƠN",48,ĐẤT XÂY DỰNG KHÁCH SẠN
360,BDS0000360,402,30770000000,"64 PHỐ HUẾ, P. NGÔ THÌ NHẬM, Q. HAI BÀ TRƯNG, TP HÀ NỘI",1,"NHÀ Ở, ĐẤT Ở"
361,BDS0000361,402,8100000000,"TỔ 22, CỤM 3, PHƯỜNG PHÚ THƯỢNG, QUẬN TÂY HỒ, TP HÀ NỘI",1,ĐẤT Ở
362,BDS0000362,402,7000000000,"THÔN ĐỨC DIỄN, XÃ PHÚ DIỄN, HUYỆN TỪ LIÊM, TP HÀ NỘI",1,ĐẤT Ở
363,BDS0000363,402,3500000000,"1A NGÕ LAN BÁ, PHƯỜNG TRUNG PHỤNG, Q ĐỐNG ĐA",1,ĐẤT Ở ĐÔ THỊ
364,BDS0000364,402,18975000000,"22 TỔ 6 CỤM 5, P. CỐNG VỊ, Q. BA ĐÌNH",1,ĐẤT Ở TẠI ĐÔ THỊ
365,BDS0000365,402,6750000000,"Ô 17+18 LÔ C TỔ 23 CỤM 14 PHƯỜNG CỐNG VỊ, QUẬN BA ĐÌNH",1,
366,BDS0000366,402,15380000000,"A1705, KHU M3-M4, NGUYỄN CHÍ THANH, P. LÁNG HẠ, Q. ĐỐNG ĐA, HN",1,ĐẤT Ở TẠI ĐÔ THỊ
367,BDS0000367,4012,15380000000,"THÔN TRAI TRANG, THỊ TRẤN YÊN MỸ, HƯNG YÊN",33,ĐẤT Ở TẠI ĐÔ THỊ + ĐẤT TRỒNG CÂY LN
368,BDS0000368,4012,15380000000,"SỐ 7, TỔ 8, LƯƠNG YÊN, P.BẠCH ĐẰNG, Q. HAI BÀ TRƯNG, TP HÀ NỘI",1,ĐẤT Ở TẠI ĐÔ THỊ
369,BDS0000369,4012,13850000000,HÒA MẠC- DUY TIÊN – HÀ NAM,35,XÂY DỰNG VÀ KINH DOAN HẠ TẦNG KHU CÔNG NGHIỆP
370,BDS0000370,4012,46150000000,HÒA MẠC- DUY TIÊN – HÀ NAM,35,
371,BDS0000371,403,12310000000,"PHƯỜNG MỸ XUYÊN, TP LONG XUYÊN, TỈNH AN GIANG",89,ĐẤT Ở
372,BDS0000372,4012,12310000000,HÀ NỘI,1,
373,BDS0000373,4012,12310000000,HÀ NỘI,1,
374,BDS0000374,403,2000000000,"THÔN ĐỒI 1, XÃ ĐÔNG PHƯƠNG YÊN, HUYỆN CHƯƠNG MỸ, TP HÀ NỘI",1,ĐẤT Ở; ĐẤT VƯỜN
375,BDS0000375,4012,2000000000,HÀ NỘI,1,
376,BDS0000376,4012,2000000000,HÀ NỘI,1,
377,BDS0000377,403,4500000000,"ĐÔNG HÒA, HUYỆN TRẢNG BOM, TỈNH ĐỒNG NAI",75,ĐẤT SẢN XUẤT KINH DOANH
378,BDS0000378,403,800000000,"XÃ ĐÔNG HÒA, HUYỆN TRẢNG BOM, TỈNH ĐỒNG NAI",75,ĐẤT TRỒNG CÂY HÀNG NĂM KHÁC
379,BDS0000379,403,11540000000,"XÃ ĐÔNG HÒA, HUYỆN TRẢNG BOM, TỈNH ĐỒNG NAI",75,NHÀ XƯỞNG SẢN XUẤT
380,BDS0000380,403,20351000000,"133A TRẦN BÌNH TRỌNG, PHƯỜNG 2, QUẬN 5, TP.HCM. DIỆN TÍCH 156M2",79,ĐẤT Ở
381,BDS0000381,403,19849000000,"02-04 ĐƯỜNG SỐ 6C KHU DÂN CƯ TRUNG SƠN, ẤP 4B, XÃ BÌNH HƯNG, HUYỆN BÌNH CHÁNH, TP.HCM. ",79,LÂU DÀI
382,BDS0000382,405,22500000000,"150 NGUYỄN XÍ (SỐ CŨ 79/8B XÔ VIẾT NGHỆ TĨNH), P.26, QUẬN BÌNH THẠNH, TP HCM",79,ĐẤT Ở
383,BDS0000383,405,13500000000,"22 NGÁCH 38/62 ĐƯỜNG XUÂN LA, P. XUÂN LA, Q. TÂY HỒ, TP HÀ NỘI",1,ĐẤT Ở ĐÔ THỊ
384,BDS0000384,405,3540000000,"SỐ 716, PHƯỜNG BẠCH ĐẰNG, QUẬN HAI BÀ TRƯNG, THÀNH PHỐ HÀ NỘI.",1,ĐẤT THUÊ 50 NĂM
385,BDS0000385,405,3540000000,"638, PHƯỜNG BẠCH ĐẰNG, QUẬN HAI BÀ TRƯNG, THÀNH PHỐ HÀ NỘI",1,ĐẤT 50 NĂM
386,BDS0000386,405,3540000000,"THANH XUÂN, THÀNH PHỐ HÀ NỘI",1,DAT O
387,BDS0000387,405,2920000000,"PHƯỜNG NINH KHÁNH, TP. NINH BÌNH",37,ĐẤT SXKD
388,BDS0000388,405,1160000000,"QUẬN CẦU GIẤY, THÀNH PHỐ HÀ NỘI",1,DAT O
389,BDS0000389,405,1130000000,"QUẬN CẦU GIẤY, THÀNH PHỐ HÀ NỘI",1,DAT O
390,BDS0000390,4012,20500000000,"TỔ 11, P. TRẦN PHÚ, QUẢNG NGÃI",51,ĐẤT Ở ĐÔ THỊ
391,BDS0000391,405,53386000000,"P TRẦN PHÚ, QUẢNG NGÃI",51,ĐẤT Ở ĐÔ THỊ
392,BDS0000392,405,4132000000,"P. TRẦN PHÚ, TP QUẢNG NGÃI",51,ĐẤT Ở ĐÔ THỊ
393,BDS0000393,405,13467000000,"P. TRẦN PHÚ, QUẢNG NGÃI",51,ĐẤT Ở ĐÔ THỊ
394,BDS0000394,4012,7420000000,"P. QUẢNG PHÚ, QUẢNG NGÃI",51,ĐẤT Ở ĐÔ THỊ
395,BDS0000395,4012,4020000000,"TỔ 2, P. QUANG PHÚ, TP QUẢNG NGÃI",51,ĐẤT Ở ĐÔ THỊ
396,BDS0000396,4012,1575000000,"P. NGHĨA LỘ, TP QUẢNG NGÃI",51,ĐẤT Ở ĐÔ THỊ
397,BDS0000397,4012,1770000000,"TỔ 20, P. CHÁNH LỘ, TP QUẢNG NGÃI",51,ĐẤT Ở ĐÔ THỊ
398,BDS0000398,4012,2346000000,"P. TRẦN PHÚ, QUẢNG NGÃI",51,ĐẤT Ở ĐÔ THỊ
399,BDS0000399,4012,3372000000,"P. TRẦN PHÚ, QUẢNG NGÃI",51,ĐẤT Ở ĐÔ THỊ
400,BDS0000400,4012,3479000000,"XÃ TỊNH KHÊ, HUYỆN SƠN TỊNH",51,ĐẤT Ở ĐÔ THỊ
401,BDS0000401,4012,3315000000,"P. TRẦN PHÚ, QUẢNG NGÃI",51,ĐẤT Ở ĐÔ THỊ
402,BDS0000402,406,7980000000,"SỐ 1, NGÁCH 298/20 NGỌC LÂM, P. NGỌC LÂM, Q. LONG BIÊN",1,DẤT Ở ĐÔ THỊ
403,BDS0000403,406,5810000000,"TỔ 10, P. PHÚC ĐỒNG, Q. LONG BIÊN",1,ĐẤT Ở
404,BDS0000404,406,3520000000,"THÔN BẮC CẦU 3, XÃ NGỌC THỤY, HUYỆN GIA LÂM",1,ĐẤT Ở + VƯỜN
405,BDS0000405,406,23080000000,"SỐ D21 PHƯƠNG MAI, PHƯƠNG PHƯƠNG MAI, QUẬN ĐỐNG ĐA, TP. HÀ NỘI, THỬA ĐẤT SỐ 120A,  TỜ BẢN ĐỒ SỐ 6H-III-37+38",1,ĐẤT Ở
406,BDS0000406,4012,10500000000,"THỬA ĐẤT SỐ 79, TỜ BẢN ĐỒ 05 THÔN HẠ, XÃ CỬU CAO, HUYỆN VĂN GIANG, TỈNH HƯNG YÊN",33,ĐẤT Ở
407,BDS0000407,4012,3400000000,"THỬA ĐẤT SỐ 150, TỜ BẢN ĐỒ 05 THÔN BẾN CHÙA, XÃ PHỤNG CÔNG, HUYỆN VĂN GIANG, TỈNH HƯNG YÊN",33,ĐẤT Ở NÔNG THÔN
408,BDS0000408,4012,350000000,"THỬA ĐẤT SỐ 103, TỜ BẢN ĐỒ 02 PHỐ THƯỢNG LÂN, PHƯỜNG NINH SƠN, TP NINH BÌNH, TỈNH NINH BÌNH",37,ĐẤT Ở
409,BDS0000409,406,3279000000,"THỬA ĐẤT SỐ 29(4), TỜ BẢN ĐỒ 49 THÔN CHU XÁ, XÃ KIÊU KỴ, HUYỆN GIA LÂM, TP HÀ NỘI",1,ĐẤT Ở
410,BDS0000410,4012,620000000,"SỐ 438B TRƯƠNG ĐỊNH, TÂN MAI, HOÀNG MAI, HÀ NỘI.",1,ĐẤT Ở TẠI ĐÔ THỊ
411,BDS0000411,4012,1.2E+11,"THỬA ĐẤT SỐ 148, TỜ BẢN ĐỒ SỐ 03, TỔ 19, PHƯỜNG ĐỀ THÁM, THÀNH PHỐ THÁI BÌNH",34,ĐẤT Ở ĐÔ THỊ 
412,BDS0000412,4012,50000000000,"THỬA ĐẤT SỐ 147, TỜ BẢN ĐỒ SỐ 03, TỔ 19, PHƯỜNG ĐỀ THÁM, THÀNH PHỐ THÁI BÌNH.",34,ĐẤT Ở ĐÔ THỊ
413,BDS0000413,4012,79000000000,"THỬA ĐẤT SỐ 144+145, TỜ BẢN ĐỒ SỐ 03, TỔ 19, PHƯỜNG ĐỀ THÁM, THÀNH PHỐ THÁI BÌNH.",34,ĐẤT Ở ĐÔ THỊ
414,BDS0000414,4012,30770000000,"THỬA ĐẤT SỐ 160, TỜ BẢN ĐỒ SỐ 7G-III-28, SỐ 9A, NGÕ 2, TỔ 14, GIẢNG VÕ, PHƯỜNG GIẢNG VÕ, QUẬN BA ĐÌNH, HN",1,ĐẤT Ở ĐÔ THỊ
415,BDS0000415,4012,11682000000,"XÓM ĐỒI, THÔN PHÙ YÊN, XÃ TRƯỜNG YÊN, HUYỆN CHƯƠNG MỸ, THÀNH PHỐ HÀ NỘI",1,ĐẤT Ở
416,BDS0000416,4012,1577000000,"XÓM BỐN, THÔN PHÙ YÊN, XÃ TRƯỜNG YÊN, HUYỆN CHƯƠNG MỸ, THÀNH PHỐ HÀ NỘI",1,ĐẤT Ở
417,BDS0000417,4012,1249000000,"XÓM ĐỒI, THÔN PHÙ YÊN, XÃ TRƯỜNG YÊN, HUYỆN CHƯƠNG MỸ, THÀNH PHỐ HÀ NỘI",1,ĐẤT Ở
418,BDS0000418,4012,2143000000,"XÓM ĐỒI, THÔN PHÙ YÊN, XÃ TRƯỜNG YÊN, HUYỆN CHƯƠNG MỸ, THÀNH PHỐ HÀ NỘI ",1,ĐẤT Ở
419,BDS0000419,4012,2080000000,"TẠI XÓM ĐỒI, THÔN PHÙ YÊN, XÃ TRƯỜNG YÊN, HUYỆN CHƯƠNG MỸ, T.P HÀ NỘI",1,ĐẤT Ở
420,BDS0000420,407,1650000000,"196 NKKN, P6, Q3, TP HCM",79,ĐẤT Ở
421,BDS0000421,407,550000000,"TẠI  201 HOÀNG  HOA THÁM  P6, Q. BÌNH THẠCH , TP HCM",79,ĐẤT Ở
422,BDS0000422,407,5500000000,"THỬA ĐẤT SỐ 194, TỜ BẢN ĐỒ SỐ 5H-IV-3, SỐ 9 TỔ 6B PHƯỜNG TƯƠNG MAI, QUẬN HAI BÀ TRƯNG, HN",1,HĐTD SỐ 00001/2012/HĐTDHM NGÀY 16/01/2012
423,BDS0000423,407,1990000000,"CĂN HỘ 214-B20-TT. KIM LIÊN, PHƯỜNG KIM LIÊN, Q. ĐỐNG ĐA, HN. ",1,HĐTD SỐ 00001/2012/HĐTDHM NGÀY 16/01/2012.
424,BDS0000424,407,5380000000,"211/5 MINH PHỤNG, PHƯỜNG 9, QUẬN 6, TP HCM",79,HĐTD SỐ  01/2011/PNG/TDHM NGÀY 25/03/2011
425,BDS0000425,407,2500000000,"THỬA ĐẤT SỐ 28(1), TBĐ SỐ 30 XÃ TẢ THANH OAI, HUYỆN THANH TRÌ, THÀNH PHỐ HÀ NỘI",1,HỢP ĐỒNG TÍN DỤNG HẠN MỨC SỐ 011301/2012/HĐTDHM KÝ NGÀY 13/01/2012 
426,BDS0000426,407,2900000000,"THỬA ĐẤT SỐ 27, TBĐ SỐ 30, ĐỘI 4, XÃ TẢ THANH OAI, HUYỆN THANH TRÌ, THÀNH PHỐ HÀ NỘI",1,HỢP ĐỒNG TÍN DỤNG HẠN MỨC SỐ 011301/2012/HĐTDHM KÝ NGÀY 13/01/2012 
427,BDS0000427,407,6920000000,"PHƯỜNG LĨNH NAM, HOÀNG MAI, HÀ NỘI",1,HĐTD SỐ 27/2012/HĐTDHM NGÀY 14/8/2012
428,BDS0000428,4012,6920000000,HÀ NỘI,1,
429,BDS0000429,4012,6920000000,HÀ NỘI,1,
430,BDS0000430,407,9110000000,"SỐ 15 NGÕ 155 NGÁCH 74, ĐƯỜNG TRƯỜNG CHINH, PHƯỜNG PHƯƠNG LIỆT, QUẬN THANH XUÂN",1,HĐTDHM SỐ 0014/2012/HĐTDHM NGÀY 9/8/2012
431,BDS0000431,407,15380000000,"THÔN ÍCH VỊNH, XÃ VĨNH QUỲNH, HUYỆN THANH TRÌ",1,HĐTDHM SỐ 0014/2012/HĐTDHM NGÀY 9/8/2012
432,BDS0000432,407,9110000000,"XÓM PHẠM HỒNG THÁI, XÃ HÀ HỒI, HUYỆN THƯỜNG TÍN",1,HĐTDHM SỐ 0014/2012/HĐTDHM NGÀY 9/8/2012
433,BDS0000433,407,3000000000,"HAI BÀ TRƯNG, HN",1,TOÀN BỘ DƯ NỢ
434,BDS0000434,407,600000000,"CỐNG VỊ BA ĐÌNH, HN",1,TOÀN BỘ DƯ NỢ
435,BDS0000435,407,1200000000,"THỊNH LIỆT, HOÀNG MAI, HN",1,TOÀN BỘ DƯ NỢ
436,BDS0000436,407,1300000000,"QUẬN LÊ CHÂN, HẢI PHÒNG",31,TOÀN BỘ DƯ NỢ
437,BDS0000437,407,1190000000,"LONG BIÊN, HN",1,TOÀN BỘ DƯ NỢ
438,BDS0000438,407,3500000000,"THANH TRÌ, HN",1,TOÀN BỘ DƯ NỢ
439,BDS0000439,4012,3850000000,HÀ NỘI,1,
440,BDS0000440,4012,3850000000,HÀ NỘI,1,
441,BDS0000441,407,76920000000,"THÔN TRUNG VĂN, XÃ TRUNG VĂN, HUYỆN TỪ LIÊM, HÀ NỘI.",1,HĐBĐ SỐ 016796/HDTC NGÀY 03/12/2011
442,BDS0000442,4012,4142000000,"BĐS ĐỊA CHỈ TẠI SỐ NHÀ 32, PHỐ NGUYỄN TRÃI, PHƯỜNG MÁY TƠ, QUẬN NGÔ QUYỀN, TP HẢI PHÒNG. THỬA ĐẤT SỐ 13, TỜ BẢN ĐỒ SỐ A-5. DIỆN TÍCH 81.80M2.  - NGÔI NHÀ MÁI BÊ TÔNG, TƯÒNG GẠCH  4 TẦNG.  ",31,HĐTD SỐ 0096/11/HP NGÀY 22/11/2011
443,BDS0000443,4012,6990000000,"BĐS ĐỊA CHỈ SỐ 22 ĐƯỜNG LÊ LỢI, P. MÁY TƠ, Q. NGÔ QUYỀN, TP HẢI PHÒNG. THỬA ĐẤT SỐ 128, TỜ BẢN ĐỒ SỐ MT-40. DIỆN TÍCH: 84.73M2  - TSGLVĐ: NHÀ 4 TẦNG  ",31,HĐTD SỐ 0096/11/HP NGÀY 22/11/2011
444,BDS0000444,4012,3690000000,"SỐ 8, KHU K72, TRUNG ĐOÀN 17 THỊ TRẤN ĐỨC GIANG (SỐ MỚI LÀ SỐ 48, NGÕ 408 ĐƯỜNG NGÔ GIA TỰ, LONG BIÊN, HÀ NỘI). ",1,HĐTD SỐ 13/2012/HDTDHM NGÀY 03/05/2012
445,BDS0000445,408,1.3231E+11,"SỐ 278 BẾN VÂN ĐỒN, QUẬN 4, TP.HCM",79,MỌI NGHĨA VỤ TẠI NH
446,BDS0000446,408,26310000000,"SỐ 279 BẾN VÂN ĐỒN, QUẬN 4, TP.HCM",79,MỌI NGHĨA VỤ
447,BDS0000447,408,26310000000,"280 BẾN VÂN ĐỒN, QUẬN 4, TP.HCM",79,MỌI NGHĨA VỤ
448,BDS0000448,408,27080000000,"SỐ 281 BẾN VÂN ĐỒN, QUẬN 4, TP.HCM",79,MỌI NGHĨA VỤ
449,BDS0000449,408,13080000000,"SỐ 282 BẾN VÂN ĐỒN, QUẬN 4, TP.HCM",79,MỌI NGHĨA VỤ
450,BDS0000450,4012,4280000000,"SỐ 283 BẾN VÂN ĐỒN, QUẬN 4, TP.HCM",79,MỌI NGHĨA VỤ
451,BDS0000451,4012,27080000000,"NHÀ VÀ QSDĐ TẠI SỐ 232 VÕ THỊ SÁU, PHƯỜNG 7, QUẬN 3, TP.HCM",79,MỌI NGHĨA VỤ
452,BDS0000452,4012,4280000000,"SỐ 201 HOÀNG HOA THÁM, PHƯỜNG 6, Q. BÌNH THẠNH, TP.HCM",79,MỌI NGHĨA VỤ
453,BDS0000453,4012,27080000000,"240/PASTEUR, PHƯỜNG 6, QUẬN 3, TP.HCM",79,MỌI NGHĨA VỤ
454,BDS0000454,4012,4280000000,"SỐ 76/9 NGUYỄN THỊ THẬP, P. BÌNH THUẬN, QUẬN 7, TP.HCM",79,MỌI NGHĨA VỤ
455,BDS0000455,408,15380000000,"QUYỀN SỬ DỤNG ĐẤT VÀ TÀI SẢN HÌNH THÀNH TRONG TƯƠNG LAI TRÊN ĐẤT (TÀI SẢN ĐƯỢC ĐẢM BẢO CHUNG CHO MSB, PVFC, BIDV VÀ DO BIDV LÀM ĐẦU MỐI QUẢN LÝ TS ĐB)",NULL,HĐ ĐẶT MUA TRÁI PHIẾU SỐ 08/HĐTP-MSB NGÀY 19/10/2011  VÀ  PHỤ LỤC SỬA ĐỔI HĐ MUA BÁN TRÁI PHIẾU NGÀY 18/10/2012    
456,BDS0000456,408,3080000000,"THỬA ĐẤT SỐ 1, TỜ BẢN ĐỒ SỐ: TRÍCH ĐO HIỆN TRẠNG NĂM 2009, ĐỊA CHỈ:THÔN CẤN THƯỢNG, XÃ CẤN HỮU, HUYỆN QUỐC OAI, TP. HÀ NỘI",1,HĐTD HẠN MỨC SỐ 2510/2012/HĐTDHM NGÀY 25/10/2012
457,BDS0000457,4012,53100000000,"THỬA ĐẤT SỐ 22, TỜ BẢN ĐỒ SỐ: 27, ĐỊA CHỈ: KHU TT CÔNG TY XI MĂNG SÀI SƠN, HUYỆN QUỐC OAI, TP. HÀ NỘI",1,HĐTD HẠN MỨC SỐ 2510/2012/HĐTDHM NGÀY 25/10/2012
458,BDS0000458,408,3080000000,"THỬA ĐẤT SỐ 48, TỜ BẢN ĐỒ SỐ: TRÍCH ĐO 1/3/1996, ĐỊA CHỈ: P8 NHÀ B – TT TỔNG CÔNG TY XNK KHOÁNG SẢN, SỐ 1 TÂN ẤP, PHƯỜNG PHÚC XÁ, QUẬN BA ĐÌNH, TP. HÀ NỘI",1,HĐTD HẠN MỨC SỐ 2510/2012/HĐTDHM NGÀY 25/10/2012
459,BDS0000459,408,30770000000,"THỬA ĐẤT SỐ 804, TỜ BẢN ĐỒ SỐ: 01, ĐỊA CHỈ: BẾN ĐỌ, NGÔ SÀI, THỊ TRẤN QUỐC OAI, HUYỆN QUỐC OAI, TP. HÀ NỘI",1,HĐTD HẠN MỨC SỐ 2510/2012/HĐTDHM NGÀY 25/10/2012
460,BDS0000460,408,3690000000,"THỬA ĐẤT SỐ 87(1), TỜ BẢN ĐỒ SỐ: 08, ĐỊA CHỈ: TỔ 8, PHƯỜNG BỒ ĐỀ, QUẬN LONG BIÊN, TP. HÀ NỘI",1,HĐTD HẠN MỨC SỐ 2510/2012/HĐTDHM NGÀY 25/10/2012
461,BDS0000461,408,27380000000,"THỬA ĐẤT SỐ 248, TỜ BẢN ĐỒ SỐ: 6G-IV-33, ĐỊA CHỈ: 5 NGÁCH 354/99 TRƯỜNG CHINH, PHƯỜNG KHƯƠNG THƯỢNG, QUẬN ĐỐNG ĐA, TP. HÀ NỘI",1,HĐTD HẠN MỨC SỐ 2510/2012/HĐTDHM NGÀY 25/10/2012
462,BDS0000462,408,24650000000,"THỬA ĐẤT SỐ: ./., TỜ BẢN ĐỒ SỐ: 00, TẠI THỊ TRẤN QUỐC OAI, HUYỆN QUỐC OAI, TP HÀ NỘI.",1,HĐTD HẠN MỨC SỐ 2510/2012/HĐTDHM NGÀY 25/10/2012
463,BDS0000463,4012,12310000000,"BĐS SỐ 32 TRẦN HƯNG ĐẠO , PHƯỜNG TRẦN HƯNG ĐẠO, THÀNH PHỐ HẢI DƯƠNG. THỬA ĐẤT SỐ 59, TỜ BẢN ĐỒ SỐ 2. DIỆN TÍCH 74.2M2.",3,HĐTD SỐ 0014/11/HD NGÀY 12/03/2011    
464,BDS0000464,4012,8600000000,"QUYỀN SỬ DỤNG ĐẤT VÀ TÀI SẢN GẮN LIỀN VỚI ĐẤT TẠI: TẠI NGÕ TÂY THÔN QUAN ĐÌNH, XÃ VĂN MÔN, HUYỆN YÊN PHONG, TỈNH BẮC NINH, ĐỨNG TÊN HỘ ÔNG NGUYỄN VĂN ĐẠO",27,HĐTD SỐ 0048/11/SGD NGÀY 28/11/2011
465,BDS0000465,4012,6400000000,"QUYỀN SỬ DỤNG ĐẤT VÀ TÀI SẢN GẮN LIỀN VỚI ĐẤT TẠI: THÔN QUAN ĐÌNH, XÃ VĂN MÔN, HUYỆN YÊN PHONG, TỈNH BẮC NINH, ĐỨNG TÊN HỘ ÔNG NGUYỄN VĂN ĐÀO",27,HĐTD SỐ 0048/11/SGD NGÀY 28/11/2011
466,BDS0000466,4012,30770000000,"BĐS TẠI 180/32 LÝ THÁNH TÔNG, PHƯỜNG HIỆP TÂN, QUẬN TÂN PHÚ, TP.HCM.  THỬA ĐẤT SỐ 111, TỜ BẢN ĐỒ SỐ81 (BĐĐC) DIỆN TÍCH 155,94M2  ",79,HỢP ĐỒNG TÍN DỤNG SỐ 085/2011/TDHM/MSB-CH NGÀY 29/04/2011.    
467,BDS0000467,409,10351000000,": THÔN THUNG TRÂM, XÃ HƯNG THI, HUYỆN LẠC THỦY, TỈNH HÒA BÌNH",17,HĐTD SỐ 03/11/HN  NGÀY14/01/2011
468,BDS0000468,409,1250000000,"XÓM RỘC, XÃ BÌNH MINH, HUYỆN THANH OAI, HÀ NỘI",1,HĐTD SỐ 03/11/HN  NGÀY14/01/2011
469,BDS0000469,409,2444000000,"THỊ TRẤN THANH HÀ, HUYỆN KIM BÔI, TỈNH HÒA BÌNH.",17,HĐTD SỐ 03/11/HN  NGÀY14/01/2011
470,BDS0000470,409,13000000000,"QUYỀN SỬ DỤNG ĐẤT TẠI THỬA ĐẤT SỐ 26A, TỜ BẢN ĐỒ SỐ 06 TẠI THÔN CÁCH THƯỢNG, XÃ NAM SƠN, HUYỆN AN DƯƠNG, TP HẢI PHÒNG  DIỆN TÍCH: 650 M2  MỤC ĐÍCH: ĐẤT Ở NÔNG THÔN  THỜI HẠN: LÂU DÀI  (CHỦ TS: NGUYỄN ĐÌNH HIỆP)  ",31,HỢP ĐỒNG TÍN DỤNG 0036/2012/HĐTDHM NGÀY 16/07/2012    
471,BDS0000477,4012,15380000000,"39ª LƯƠNG KHÁNH THIỆN, NGÔ QUYỀN, HẢI PHÒNG",31,
472,BDS0000478,409,3230000000,"34 TÔN ĐỨC THẮNG, QUẬN 1, TP HCM",79,
473,BDS0000479,409,3000000000,"TRIỆU VIỆT VƯƠNG, QUẬN HAI BÀ TRƯNG, HN",1,
474,BDS0000480,409,2460000000,"CỐNG VỊ BA ĐÌNH, HN",1,
475,BDS0000481,409,2460000000,"THỊNH LIỆT, HOÀNG MAI, HN",1,
476,BDS0000482,409,131000000,"PHƯỜNG VĨNH NIỆM, QUẬN LÊ CHÂN, HẢI PHÒNG",31,
477,BDS0000471,409,12310000000,"QUYỀN SỬ DỤNG ĐẤT TẠI THỬA ĐẤT SỐ 27A, TỜ BẢN ĐỒ SỐ 06 TẠI THÔN CÁCH THƯỢNG, XÃ NAM SƠN, HUYỆN AN DƯƠNG, TP HẢI PHÒNG  DIỆN TÍCH: 316 M2  MỤC ĐÍCH: ĐẤT Ở NÔNG THÔN  THỜI HẠN: LÂU DÀI  (CHỦ TS: NGUYỄN ĐÌNH HIỆP)  ",31,HỢP ĐỒNG TÍN DỤNG 0036/2012/HĐTDHM NGÀY 16/07/2012    
478,BDS0000472,409,12310000000,"QUYỀN SỬ DỤNG 685 M2 ĐẤT TẠI THỬA ĐẤT SỐ 25, TỜ BẢN ĐỒ SỐ 06 TẠI THÔN CÁCH THƯỢNG, XÃ NAM SƠN, HUYỆN AN DƯƠNG, TP HẢI PHÒNG  DIỆN TÍCH: 685 M2  MỤC ĐÍCH: ĐẤT Ở NÔNG THÔN  THỜI HẠN: LÂU DÀI  (CHỦ TS: NGUYỄN ĐÌNH HIỆP)  ",31,HỢP ĐỒNG TÍN DỤNG 0036/2012/HĐTDHM NGÀY 16/07/2012    
479,BDS0000473,409,2112000000,"QSDĐ TẠI THỬA ĐẤT SỐ 24, TỜ BẢN ĐỒ SỐ 06 TẠI THÔN CÁCH THƯỢNG, XÃ NAM SƠN, HUYỆN AN DƯƠNG, TP HẢI PHÒNG.  DIỆN TÍCH: 600 M2  MỤC ĐÍCH: ĐẤT Ở NÔNG THÔN  THỜI HẠN: LÂU DÀI  (CHỦ TS: NGUYỄN ĐÌNH HIỆP)  ",31,HỢP ĐỒNG TÍN DỤNG 0036/2012/HĐTDHM NGÀY 16/07/2012    
480,BDS0000474,409,756000000,"QUYỀN SỬ DỤNG ĐẤT VÀ TẢI SẢN TRÊN ĐẤT TẠI THỬA ĐẤT SỐ 32, TỜ BẢN ĐỒ SỐ 302590-3-(10) TẠI 19K15 KHU TẬP THỂ KHÚC TRÌ, PHƯỜNG NGỌC SƠN, KIẾN AN, TP HẢI PHÒNG  DIỆN TÍCH ĐẤT: 96,4 M2  (CSH: TRỊNH QUỐC LẬP VÀ TRẦN THỊ SÁU)  ",31,HỢP ĐỒNG TÍN DỤNG 0036/2012/HĐTDHM NGÀY 16/07/2012    
481,BDS0000475,409,1320000000,"QUYỀN SỬ DỤNG 120 M2 ĐẤT TẠI THỬA ĐẤT SỐ 102, TỜ BẢN ĐỒ SỐ 222-B-II TẠI XÃ TRƯỜNG SƠN, HUYỆN AN LÃO, TP HẢI PHÒNG  DIỆN TÍCH: 120 M2  (CSH: NGUYỄN VĂN HOẠT VÀ TRỊNH THỊ MINH CHI)  ",31,HỢP ĐỒNG TÍN DỤNG 0036/2012/HĐTDHM NGÀY 16/07/2012    
482,BDS0000476,409,44869000000,"44 THỬA ĐẤT BAO GỒM: THỬA ĐẤT SỐ 29; 66; 71; 74; 75; 76; 77; 78; 79; 105; 106; 107; 111; 112; 146; 147; 148; 149; 150; 152; 153; 217; 574; 616; 618; 620; 626; 628; 632; 634; 67; 68; 69; 70; 108; 109; 113; 114; 218; 219; 220; 565; 622; 624, TỜ BẢN ĐỒ SỐ 7 TẠI ẤP TÂN ĐÔNG, XÃ TÂN QUỚI, HUYỆN BÌNH TÂN, TỈNH VĨNH LONG.",86,HĐTD SỐ 13/CT/2011 NGÀY 03/08/2011
483,BDS0000483,409,126000000,"TỔ 13 PHƯỜNG THẠCH BÀN, LONG BIÊN, HN",1,
484,BDS0000484,409,350000000,"THANH TRÌ, HN",1,
485,BDS0000485,409,80000000,"THỬA ĐẤT SỐ 649, TỜ BẢN ĐỒ SỐ 9 XÃ GIAI PHẠM, HUYỆN YÊN MỸ, TỈNH HƯNG YÊN",33,
486,BDS0000486,409,4000000000,"HU NHÀ Ở ĐƯỜNG NGUYỄN QUYỀN, PHƯỜNG ĐẠI PHÚC, TP BẮC NINH, TỈNH BẮC NINH",27,
487,BDS0000487,409,1246000000,"THỬA ĐẤT SỐ 96, TỜ BẢN ĐỒ SỐ 28 TẠI XÓM PHÚ LỘC, XÃ HỒNG KỲ, HUYỆN SÓC SƠN, THÀNH PHỐ HÀ NỘI",1,
488,BDS0000488,409,813000000,"THỬA ĐẤT 86 + 95 TẠI XÓM PHÚ LỘC, XÃ HỒNG KỲ, SÓC SƠN, THÀNH PHỐ HÀ NỘI",1,
489,BDS0000489,409,1320000000,"TỜ BẢN ĐỒ SỐ 28 TẠI XÓM PHÚ LỘC, THÔN 7, XÃ HỒNG KỲ, SÓC SƠN, THÀNH PHỐ HÀ NỘI",1,
490,BDS0000490,409,3500000000,"QUYỀN SỬ DỤNG ĐẤT VÀ TÀI SẢN GẮN LIỀN VỚI ĐẤT TẠI THỬA ĐẤT SỐ: 3, TỜ BẢN ĐỒ SỐ 49, TỔ 34 PHƯỜNG NGỌC THỤY, QUẬN LONG BIÊN, HÀ NỘI",1,
491,BDS0000491,409,2620000000,"QUYỀN SỬ DỤNG ĐẤT VÀ TÀI SẢN GẮN LIỀN VỚI ĐẤT TẠI THỬA ĐẤT SỐ: 47(F), TỜ BẢN ĐỒ SỐ; 5I-I-28, SỐ 44, NGÕ 296 PHỐ MINH KHAI, PHƯỜNG MAI ĐỘNG, QUẬN HOÀNG MAI, THÀNH PHỐ HÀ NỘI.",1,
492,BDS0000492,409,552000000,"QUYỀN SỬ DỤNG ĐẤT VÀ TÀI SẢN GẮN LIỀN VỚI ĐẤT TẠI THỬA ĐẤT SỐ: 96 TỜ BẢN ĐỒ SỐ PL 30, KHU ĐÔ THỊ MỚI ĐỒNG VĂN, THỊ TRẤN ĐỒNG VĂN, HUYỆN DUY TIÊN, TỈNH HÀ NAM.",35,
493,BDS0000493,409,2620000000,"QUYỀN SỬ DỤNG ĐẤT VÀ TÀI SẢN GẮN LIỀN VỚI ĐẤT TẠI THỬA ĐẤT SỐ: 02, Ô ĐẤT NV02-L06 KHU ĐÔ THỊ CHI ĐÔNG, HUYỆN MÊ LINH, TP. HÀ NỘI",1,
494,BDS0000494,409,4000000000,"HUYỆN CHƯƠNG MỸ, HÀ NỘI",1,
495,BDS0000495,409,1106000000,THÔN ĐỒI 1 – XÃ ĐÔNG PHƯƠNG YÊN – HUYỆN CHƯƠNG MỸ - TP HÀ NỘI.,1,
496,BDS0000496,409,880000000,THÔN NGHĨA HẢO – XÃ PHÚ NGHĨA – HUYỆN CHƯƠNG MỸ - TP HÀ NỘI,1,
497,BDS0000497,409,677000000,"KHU CỬA ĐÌNH, THÔN PHÙ YÊN – XÃ TRƯỜNG YÊN – HUYỆN CHƯƠNG MỸ - TP HÀ NỘI",1,
498,BDS0000498,409,645000000,THÔN NGHĨA HẢO – XÃ PHÚ NGHĨA – HUYỆN CHƯƠNG MỸ - TP HÀ NỘI,1,
499,BDS0000499,409,3820000000,"F1, ĐƯỜNG MẬU THÂN, PHƯỜNG XUÂN KHÁNH, QUẬN NINH KIỀU, TP.CẦN THƠ.",92,
500,BDS0000500,409,356000000,HĐTD SỐ: 26/CT/2011 NGÀY 03/10/2011,NULL,
501,BDS0000501,409,678000000,"ĐẤT TẠI THỬA ĐẤT 46, TỜ BẢN ĐỒ SỐ 11, KHU VỰC III,CỒN KHƯƠNG, PHƯỜNG CÁI KHẾ, TP.CẦN THƠ",92,
502,BDS0000502,409,240000000,"ĐẤT TẠI 8/7 ĐƯỜNG MẬU THÂN, PHƯỜNG AN HÒA, QUẬN NINH KIỀU, TP.CẦN THƠ.",92,
503,BDS0000503,409,583000000,"QUYỀN SỬ DỤNG ĐẤT TẠI 45 P1 ĐƯỜNG MẬU THÂN, PHƯỜNG AN HÒA QUẬN NINH KIỀU, TP.CẦN THƠ",92,
504,BDS0000504,409,4000000000,"ĐẤT SỐ 362, TỜ BẢN ĐỒ SỐ 12, PHƯỜNG 6",NULL,
505,BDS0000505,409,3690000000,"SỐ 1, TỜ BẢN ĐỒ SỐ 18, PHƯỜNG 4",NULL,
506,BDS0000506,409,3690000000,"TỜ BẢN ĐỒ SỐ 02 (MỚI 17), PHƯỜNG 4",NULL,
507,BDS0000507,409,4150000000,"LÔ 4B KHU CN THỤY VÂN, TP.VIỆT TRÌ, PHÚ THỌ",25,
508,BDS0000508,409,4150000000,"TỔ 10, PHƯỜNG TRUNG HÒA, QUẬN CẦU GIẤY, HÀ NỘI",1,
509,BDS0000509,409,4500000000,"XÃ TRUNG VĂN, HUYỆN TỪ LIÊM, HÀ NỘI",1,
510,BDS0000510,409,3230000000,"TỔ 8 KHU ĐƯỜNG 5/1, PHƯỜNG HÙNG VƯƠNG, QUẬN HỒNG BÀNG, TP HẢI PHÒNG.",31,
511,BDS0000511,409,2900000000,"KHU NHÀ Ở ĐƯỜNG NGUYỄN QUYỀN, PHƯỜNG ĐẠI PHÚC , TP BẮC NINH, TỈNH BẮC NINH",27,
512,BDS0000512,409,4460000000,"LÔ TT2 DÃY B, Ô SỐ 6 BẮC LINH ĐÀM, HOÀNG MAI, HN",1,
513,BDS0000513,4012,2620000000,"CĂN HỘ SỐ 08 NHÀ Q100, TT TRƯƠNG ĐỊNH, PHƯỜNG TƯƠNG MAI, QUẬN HOÀNG MAI, THÀNH PHỐ HÀ NỘI",1,
514,BDS0000514,4012,2620000000,"THỬA ĐẤT SỐ 12 TỜ BẢN ĐỒ SỐ 6G-III-27 TỔ 42A, PHƯỜNG KHƯƠNG ĐÌNH QUẬN THANH XUÂN, HÀ NỘI",1,
515,BDS0000515,4012,1690000000,"SỐ NHÀ 30 NGÕ 191 XÓM THƯỢNG ĐÌNH, THÔN CÁO ĐỈNH PHƯỜNG XUÂN ĐỈNH HUYỆN TỪ LIÊM HÀ NỘI.",1,
516,BDS0000516,410,3080000000,"THỬA ĐẤT SỐ 168; TỜ BẢN ĐỒ SỐ 02, TẠI SỐ 4B/4, PHỐ QUANG TRUNG, PHƯỜNG QUANG TRUNG, THỊ XÃ SƠN TÂY, TỈNH HÀ TÂY (NAY LÀ THÀNH PHỐ HÀ NỘI).",1,
517,BDS0000517,4012,2920000000,"SỐ 2/165E KHU PHỐ 3, PHƯỜNG TĂNG NHƠN PHÚ B, QUẬN 9, TP.HCM",79,
518,BDS0000518,4012,3380000000,"HỬA ĐẤT SỐ 9 – TX3-TT CÔNG TY VTTBGT2, PHƯỜNG NHÂN CHÍNH, QUẬN THANH XUÂN, THÀNH PHỐ HÀ NỘI",1,
519,BDS0000519,4012,3500000000,"HỬA ĐẤT SỐ 99, TỜ BẢN ĐỒ SỐ 11. ĐỊA CHỈ TỔ DÂN PHỐ SỐ 01, PHƯỜNG NGÔ QUYỀN, THÀNH PHỐ BẮC GIANG",24,
520,BDS0000520,4012,3380000000,"THỬA ĐẤT SỐ 432, TỜ BẢN ĐỒ SỐ 9. ĐỊA CHỈ ĐƯỜNG LÊ LỢI, PHƯỜNG LÊ LỢI, THÀNH PHỐ BẮC GIANG, TỈNH BẮC GIANG",24,
521,BDS0000521,4012,3380000000,"THỬA ĐẤT SỐ 128, TỜ BẢN ĐỒ SỐ 9. ĐỊA CHỈ ĐƯỜNG LÊ LỢI, PHƯỜNG LÊ LỢI, THÀNH PHỐ BẮC GIANG, TỈNH BẮC GIANG",24,
522,BDS0000522,4012,752000000,"THỬA ĐẤT SỐ 14, TỜ BẢN ĐỒ SỐ 63. ĐỊA CHỈ KHU HỒNG HÀ 1, PHƯỜNG BẾN GÓT, THÀNH PHỐ VIỆT TRÌ, TỈNH PHÚ THỌ",25,
523,BDS0000523,4012,840000000,"THỬA ĐẤT SỐ B20, TỜ BẢN ĐỒ SỐ QH. ĐỊA CHỈ KHU MAY MẶC, XÃ KIM LONG, HUYỆN TAM DƯƠNG, TỈNH VĨNH PHÚC",26,
524,BDS0000524,4012,2250000000,THỬA ĐẤT SỐ 125 TỜ BẢN ĐỒ SỐ 16 PHƯỜNG HẢI ĐÌNH ĐỒNG HỚI QUẢNG BÌNH,44,
525,BDS0000525,4012,450000000,THỬA ĐẤT SỐ 95 TỜ BẢN ĐỒ SỐ 16 PHƯỜNG HẢI ĐÌNH THÀNH PHỐ ĐỒNG HỚI QUẢNG BÌNH,44,
526,BDS0000526,4012,589000000,THỬA ĐẤT SỐ 53 TỜ BẢN ĐỒ SỐ 21 PHƯỜNG HẢI ĐÌNH THÀNH PHỐ ĐỒNG HỚI TỈNH QUẢNG BÌNH,44,
527,BDS0000527,4012,689000000,THỬA ĐẤT SỐ 54 TỜ BẢN ĐỒ SỐ 21 PHƯỜNG HẢI ĐÌNH THÀNH PHỐ ĐỒNG HỚI QUẢNG BÌNH,44,
528,BDS0000528,4012,3690000000,"TỔ 22, PHƯỜNG SÔNG BẰNG, THỊ XÃ CAO BẰNG, TỈNH CAO BẰNG.",4,
529,BDS0000529,4012,3690000000,"TỔ 22, PHƯỜNG SÔNG BẰNG, THỊ XÃ CAO BẰNG, TỈNH CAO BẰNG.",4,
530,BDS0000530,4012,3690000000,"TỔ 22, PHƯỜNG SÔNG BẰNG, THỊ XÃ CAO BẰNG, TỈNH CAO BẰNG",4,
531,BDS0000531,4012,2800000000,"XÃ ÁI QUỐC, TP HẢI DƯƠNG, TỈNH HẢI DƯƠNG",3,
532,BDS0000532,4012,6000000000,"XÃ ÁI QUỐC, TP HẢI DƯƠNG, TỈNH HẢI DƯƠNG",3,
533,BDS0000533,4012,2200000000,"XÃ ÁI QUỐC, TP HẢI DƯƠNG, TỈNH HẢI DƯƠNG",3,
534,BDS0000534,4012,381000000,"XÃ ÁI QUỐC, TP HẢI DƯƠNG, TỈNH HẢI DƯƠNG",3,
535,BDS0000535,4012,502000000,"XÃ ÁI QUỐC, TP HẢI DƯƠNG, TỈNH HẢI DƯƠNG",3,
536,BDS0000536,4012,2000000000,"ĐỊA CHỈ SỐ 6 NGÕ 294 ĐỘI CẤN, BA ĐÌNH, HÀ NỘI",1,
537,BDS0000537,4012,2000000000,"SỐ 268 ĐỘI CẤN, BA ĐÌNH, HÀ NỘI",1,
538,BDS0000538,4012,2000000000,"SỐ 22 LÔ 01C KHU ĐÔ THỊ TRUNG YÊN, CẦU GIẤY, HÀ  NỘI",1,
539,BDS0000539,4012,860000000,"SỐ 31 PHỐ LINH LANG, BA ĐÌNH, HÀ  NỘI",1,
540,BDS0000540,4012,560000000,"SỐ 52 NGÁCH 462/10 ĐƯỜNG BƯỞI, BA ĐÌNH, HÀ  NỘI",1,
541,BDS0000541,4012,3540000000,"ĐỊA CHỈ P.28, Q.BÌNH THẠNH, TP.HCM.  SỐ TỜ BẢN ĐỒ: 2; SỐ THỬA: 954",79,
542,BDS0000542,4012,3380000000,"97 NƠ TRANG LONG, P.11, Q BÌNH THẠNH, TP HCM",79,
543,BDS0000543,4012,4310000000,"THỬA ĐẤT 1/229 KBT PHÚ GIA H21,22,27,28, SỐ 01 HÀ HUY TẬP, TÂN PHONG, QUẬN 7, TP.HCM",79,
544,GTCG000001,201,2500000000,,NULL,
545,GTCG000002,202,5400000000,,NULL,HĐTD SỐ 112/2012/HDCV – NGÀY 25/12-2012
546,GTCG000003,203,5000000000,,NULL,HĐTD SỐ 112/2012/HDCV – NGÀY 25/12-2012
547,GTCG000004,2042,8000000000,,NULL,HĐTD HẠN MỨC SỐ 2510/2012/HĐTDHM NGÀY 25/10/2012
548,GTCG000005,201,34000000000,,NULL,HĐTD HẠN MỨC SỐ 2510/2012/HĐTDHM NGÀY 25/10/2012
549,GTCG000006,2041,68000000000,,NULL,HĐTD HẠN MỨC SỐ 2510/2012/HĐTDHM NGÀY 25/10/2012
550,GTCG000007,202,79000000,,NULL,TOÀN BỘ NGHĨA VỤ
551,GTCG000008,203,246000000,,NULL,TOÀN BỘ NGHĨA VỤ
552,GTCG000009,2041,1300000000,,NULL,HỢP ĐỒNG TÍN DỤNG SỐ 06.2012/CG-HĐTD NGÀY 08/06/2012
553,GTCG000010,2042,400000000,,NULL,HỢP ĐỒNG TÍN DỤNG SỐ 06.2012/CG-HĐTD NGÀY 08/06/2012
554,GTCG000011,201,1400000000,,NULL,HỢP ĐỒNG TÍN DỤNG SỐ 2406/2011/ĐĐ NGÀY 24/06/2011
555,GTCG000012,201,880000000,,NULL,HDTD SỐ 928/HĐTD-MSBĐĐ NGÀY 31/12/2008
556,GTCG000013,201,6586000000,,NULL,HĐ MUA TRÁI PHIẾU SỐ 0511/2014/TMKSV-MDB NGÀY 05/11/2014
557,GTCG000014,201,8314000000,,NULL,HĐ MUA TRÁI PHIẾU SỐ 0511/2014/TMKSV-MDB NGÀY 05/11/2014
558,GTCG000015,201,360000000,,NULL,TOÀN BỘ NGHĨA VỤ
559,GTCG000016,202,7100000000,,NULL,HĐTD SỐ 112/2012/HDCV – NGÀY 25/12-2012
560,GTCG000017,203,5000000000,,NULL,HĐTD SỐ 112/2012/HDCV – NGÀY 25/12-2012
561,GTCG000018,2042,5500000000,,NULL,HĐTD HẠN MỨC SỐ 2510/2012/HĐTDHM NGÀY 25/10/2012
562,GTCG000019,201,34000000000,,NULL,HĐTD HẠN MỨC SỐ 2510/2012/HĐTDHM NGÀY 25/10/2012
563,GTCG000020,2041,22900000000,,NULL,HĐTD HẠN MỨC SỐ 2510/2012/HĐTDHM NGÀY 25/10/2012
564,GTCG000021,202,79000000,,NULL,TOÀN BỘ NGHĨA VỤ
565,GTCG000022,203,246000000,,NULL,TOÀN BỘ NGHĨA VỤ
566,GTCG000023,2041,1374000000,,NULL,HỢP ĐỒNG TÍN DỤNG SỐ 06.2012/CG-HĐTD NGÀY 08/06/2012
567,GTCG000024,2042,410000000,,NULL,HỢP ĐỒNG TÍN DỤNG SỐ 06.2012/CG-HĐTD NGÀY 08/06/2012
568,GTCG000025,201,1400000000,,NULL,HỢP ĐỒNG TÍN DỤNG SỐ 2406/2011/ĐĐ NGÀY 24/06/2011
569,GTCG000026,201,14500000000,,NULL,HĐ MUA TRÁI PHIẾU SỐ 0511/2014/TMKSV-MDB NGÀY 05/11/2014
570,GTCG000027,201,14500000000,,NULL,HĐ MUA TRÁI PHIẾU SỐ 0511/2014/TMKSV-MDB NGÀY 05/11/2014
571,GTCG000028,201,2600000000,,NULL,TOÀN BỘ NGHĨA VỤ
572,MMTB000001,3021,2755000000,,NULL,
573,MMTB000002,3021,1045000000,,NULL,SẢN XUẤT
574,MMTB000003,3021,20900000000,,NULL,SẢN XUẤT CÁC SẢN PHẨM TỪ BÔNG BĂNG
575,MMTB000004,3021,1950000000,,NULL,
576,MMTB000005,3021,1850000000,,NULL,
577,MMTB000006,3021,3700000000,,NULL,
578,MMTB000007,3021,1400000000,,NULL,TOÀN BỘ DƯ NỢ
579,MMTB000008,3021,1308000000,,NULL,HDTD  SỐ 01.1009/2012/HĐTHM
580,MMTB000009,3021,1005000000,,NULL,HDTD  SỐ 01.1009/2012/HĐTHM
581,MMTB000010,3021,978000000,,NULL,HDTD  SỐ 01.1009/2012/HĐTHM
582,MMTB000011,3021,17900000000,,NULL,HĐTD SỐ 34/11/LB  NGÀY 15/08/2011 
583,MMTB000012,3021,8000000000,,NULL,HĐTD SỐ 34/11/LB  NGÀY 15/08/2011 
584,MMTB000013,3021,12600000000,,NULL,HĐBĐ SỐ 21/2011/BĐ-LB NGÀY 15/08/2011
585,MMTB000014,3021,4071000000,,NULL,HĐTD SỐ 112/2012/HDCV – NGÀY 25/12-2012
586,MMTB000015,3021,31414000000,,NULL,HĐTD HẠN MỨC SỐ 2510/2012/HĐTDHM NGÀY 25/10/2012
587,MMTB000016,3023,36000000000,,NULL,HĐTD SỐ 13/CT/2011 NGÀY 03/08/2011
588,MMTB000017,3021,500000000,,NULL,HDTD  S? 01.1009/2012/HĐTHM NGÀY 10/09/2012 VÀ CÁC PH? L?C LIÊN QUAN
589,MMTB000018,3021,510000000,,NULL,HDTD  S? 01.1009/2012/HĐTHM NGÀY 10/09/2012 VÀ CÁC PH? L?C LIÊN QUAN
590,MMTB000019,3021,162000000,,NULL,TẤT CẢ NGHĨA VỤ
591,MMTB000020,3021,27200000000,,NULL,HĐTD SỐ 05/10/MSBTX NGÀY 05/02/2010  HDTD SỐ 30/10/MSBTX NGÀY 20/05/2010
592,MMTB000021,3021,30700000000,,NULL,HĐTD SỐ 05/10/MSBTX NGÀY 05/02/2010  HDTD SỐ 30/10/MSBTX NGÀY 20/05/2010
593,MMTB000022,3021,2800000000,,NULL,1. HĐTD SỐ 0058/10/MSBTX NGÀY 23/09/2010 VÀ CÁC PHỤ LỤC ĐÍNH KÈM;   2. HĐTD HẠN MỨC SỐ 2512/2013/HĐTDHM NGÀY 25/12/2013
594,MMTB000023,3021,700000000,,NULL,HĐTD SỐ 121/10/HG NGÀY 12/10/2010
595,MMTB000024,3023,616000000,,NULL,HĐTD SỐ 121/10/HG NGÀY 12/10/2010
596,MMTB000025,3021,518000000,,NULL,HĐTD SỐ 121/10/HG NGÀY 12/10/2010
597,MMTB000026,3021,900000000,,NULL,TOÀN BỘ NGHĨA VỤ
598,MMTB000027,3021,1000000000,,NULL,1. HỢP ĐỒNG TÍN DỤNG HẠN MỨC SỐ 05/2014/HĐTDHM NGÀY 31/03/2014;   2. HỢP ĐỒNG MUA BÁN NỢ SỐ 25.03/2014/MSBHN-AGRIBANK CB NGÀY 25/03/2014  3. HỢP ĐỒNG CHO VAY SỐ 06/2014/HĐCV  NGÀY 31/03/2014
599,MMTB000028,3021,1880000000,,NULL,1. HỢP ĐỒNG TÍN DỤNG HẠN MỨC SỐ 05/2014/HĐTDHM NGÀY 31/03/2014;   2. HỢP ĐỒNG MUA BÁN NỢ SỐ 25.03/2014/MSBHN-AGRIBANK CB NGÀY 25/03/2014  3. HỢP ĐỒNG CHO VAY SỐ 06/2014/HĐCV  NGÀY 31/03/2014
600,MMTB000029,3021,1178000000,,NULL,HỢP ĐỒNG CHO VAY SỐ 22/2013/HĐCV NGÀY 12/08/2013 VÀ CÁC PHỤ LỤC KEM THEO
601,MMTB000030,3021,2200000000,,NULL,HỢP ĐỒNG CHO VAY SỐ 22/2013/HĐCV NGÀY 12/08/2013 VÀ CÁC PHỤ LỤC KEM THEO
602,MMTB000031,3021,2400000000,,NULL,HỢP ĐỒNG CHO VAY SỐ 22/2013/HĐCV NGÀY 12/08/2013 VÀ CÁC PHỤ LỤC KEM THEO
603,MMTB000032,3023,1800000000,,NULL,HỢP ĐỒNG TÍN DỤNG HẠN MỨC SỐ 08/2014/HĐTDHM  NGÀY 11/06/2014 VÀ HỢP ĐỒNG CHO VAY SỐ 24/2013 NGÀY 17/10/2013 VÀ PHỤ LỤC HỢP ĐỒNG CHO VAY SỐ 01/2014/PLHĐCV NGÀY 30/09/2014
604,MMTB000033,3021,2800000000,,NULL,HỢP ĐỒNG TÍN DỤNG SỐ 8300 – LAV – 2011 01088/HĐTD NGÀY 11/08/2011   HỢP ĐỒNG TÍN DỤNG HẠN MỨC SỐ 08/2014/HĐTDHM  NGÀY 11/06/2014 VÀ HỢP ĐỒNG CHO VAY SỐ 24/2013 NGÀY 17/10/2013 VÀ PHỤ LỤC HỢP ĐỒNG CHO VAY SỐ 01/2014/PLHĐCV NGÀY 30/09/2014
605,MMTB000034,3021,12755000000,,NULL,
606,MMTB000035,3021,1088000000,,NULL,SẢN XUẤT
607,MMTB000036,3021,3700000000,,NULL,
608,MMTB000037,3021,700000000,,NULL,TOÀN BỘ DƯ NỢ
609,MMTB000038,3021,6500000000,,NULL,HDTD  SỐ 01.1009/2012/HĐTHM
610,MMTB000039,3021,1005000000,,NULL,HDTD  SỐ 01.1009/2012/HĐTHM
611,MMTB000040,3021,978000000,,NULL,HDTD  SỐ 01.1009/2012/HĐTHM
612,MMTB000041,3021,17930000000,,NULL,HĐTD SỐ 34/11/LB  NGÀY 15/08/2011 
613,MMTB000042,3021,18000000000,,NULL,HĐTD SỐ 34/11/LB  NGÀY 15/08/2011 
614,MMTB000043,3021,18557000000,,NULL,HĐBĐ SỐ 21/2011/BĐ-LB NGÀY 15/08/2011
615,MMTB000044,3021,8000000000,,NULL,HĐTD SỐ 112/2012/HDCV – NGÀY 25/12-2012
616,MMTB000045,3021,23300000000,,NULL,HĐTD HẠN MỨC SỐ 2510/2012/HĐTDHM NGÀY 25/10/2012
617,MMTB000046,3023,46357000000,,NULL,HĐTD SỐ 13/CT/2011 NGÀY 03/08/2011
618,MMTB000047,3021,4200000000,,NULL,HDTD  S? 01.1009/2012/HĐTHM NGÀY 10/09/2012 VÀ CÁC PH? L?C LIÊN QUAN
619,MMTB000048,3021,501000000,,NULL,HDTD  S? 01.1009/2012/HĐTHM NGÀY 10/09/2012 VÀ CÁC PH? L?C LIÊN QUAN
620,MMTB000049,3021,162000000,,NULL,TẤT CẢ NGHĨA VỤ
621,MMTB000052,3021,4200000000,,NULL,HỢP ĐỒNG CHO VAY SỐ 22/2013/HĐCV NGÀY 12/08/2013 VÀ CÁC PHỤ LỤC KEM THEO
622,MMTB000053,3021,4200000000,,NULL,HỢP ĐỒNG CHO VAY SỐ 22/2013/HĐCV NGÀY 12/08/2013 VÀ CÁC PHỤ LỤC KEM THEO
623,MMTB000054,3021,4700000000,,NULL,HỢP ĐỒNG CHO VAY SỐ 22/2013/HĐCV NGÀY 12/08/2013 VÀ CÁC PHỤ LỤC KEM THEO
624,PTVT0000001,3061,540000000,,NULL,PHƯƠNG TIỆN ĐI LẠI
625,PTVT0000002,3061,1282000000,,NULL,TOÀN BỘ DƯ NỢ
626,MMTB000050,3021,4200000000,,NULL,1. HỢP ĐỒNG TÍN DỤNG HẠN MỨC SỐ 05/2014/HĐTDHM NGÀY 31/03/2014;   2. HỢP ĐỒNG MUA BÁN NỢ SỐ 25.03/2014/MSBHN-AGRIBANK CB NGÀY 25/03/2014  3. HỢP ĐỒNG CHO VAY SỐ 06/2014/HĐCV  NGÀY 31/03/2014
627,MMTB000051,3021,4700000000,,NULL,1. HỢP ĐỒNG TÍN DỤNG HẠN MỨC SỐ 05/2014/HĐTDHM NGÀY 31/03/2014;   2. HỢP ĐỒNG MUA BÁN NỢ SỐ 25.03/2014/MSBHN-AGRIBANK CB NGÀY 25/03/2014  3. HỢP ĐỒNG CHO VAY SỐ 06/2014/HĐCV  NGÀY 31/03/2014
630,PTVT0000003,3061,1990000000,,NULL,TOÀN BỘ DƯ NỢ
631,PTVT0000004,3061,645000000,,NULL,HDTD  SỐ 01.1009/2012/HĐTHM
632,PTVT0000005,3061,3000000000,,NULL,HĐBĐ SỐ 25/2011/BĐ-LB NGÀY 29/09/2011
633,PTVT0000006,3061,2000000000,,NULL,TOÀN BỘ NGHĨA VỤ
634,PTVT0000007,3061,10870000000,,NULL,HĐTD SỐ 57/2010/MSBHN NGÀY 18/11/2010
635,PTVT0000008,3061,7260000000,,NULL,HĐTD SỐ 56/2010/MSBHN NGÀY 18/11/2010
636,PTVT0000009,3061,2240000000,,NULL,HĐTD SỐ 150/2011/010/MSBTB NGÀY 28/3/2011
637,PTVT0000010,3061,1540000000,,NULL,HĐTD SỐ 150/2011/010/MSBTB NGÀY 28/3/2011
638,PTVT0000011,3061,5450000000,,NULL,TOÀN BỘ NGHĨA VỤ DÂN SỰ CỦA BÊN VAY VỐN TẠI MSB
628,MMTB000055,3023,1758000000,,NULL,HỢP ĐỒNG TÍN DỤNG HẠN MỨC SỐ 08/2014/HĐTDHM  NGÀY 11/06/2014 VÀ HỢP ĐỒNG CHO VAY SỐ 24/2013 NGÀY 17/10/2013 VÀ PHỤ LỤC HỢP ĐỒNG CHO VAY SỐ 01/2014/PLHĐCV NGÀY 30/09/2014
629,MMTB000056,3021,2759000000,,NULL,HỢP ĐỒNG TÍN DỤNG SỐ 8300 – LAV – 2011 01088/HĐTD NGÀY 11/08/2011   HỢP ĐỒNG TÍN DỤNG HẠN MỨC SỐ 08/2014/HĐTDHM  NGÀY 11/06/2014 VÀ HỢP ĐỒNG CHO VAY SỐ 24/2013 NGÀY 17/10/2013 VÀ PHỤ LỤC HỢP ĐỒNG CHO VAY SỐ 01/2014/PLHĐCV NGÀY 30/09/2014
639,PTVT0000012,3061,6850000000,,NULL,TOÀN BỘ NGHĨA VỤ DÂN SỰ CỦA BÊN VAY VỐN TẠI MSB
640,PTVT0000013,3061,15220000000,,NULL,HĐTD SỐ 150/2010/200/MSBTB NGÀY 17/11/2010
641,PTVT0000014,3061,10870000000,,NULL,HĐTD DÀI HẠN SỐ 150/2011/009/MSBTB NGÀY 28/03/2011 VÀ CÁC PHỤ LỤC.
642,PTVT0000015,3061,20650000000,,NULL,- HĐTD SỐ 150/2010/203/MSBTB NGÀY 19/11/2010 VÀ CÁC PHỤ LỤC/ - HĐTD SỐ 150/2010/202/MSBTB NGÀY 19/11/2010 
643,PTVT0000016,3061,31100000000,,NULL,HĐTD HẠN MỨC SỐ 2510/2012/HĐTDHM NGÀY 25/10/2012
644,PTVT0000017,3061,7311000000,,NULL,HĐTD HẠN MỨC SỐ 2510/2012/HĐTDHM NGÀY 25/10/2012
645,PTVT0000018,3061,16300000000,,NULL,"HĐTD SỐ 09/2010/MSBNĐ  NGÀY 26/11/2010 VÀ PHỤ LỤC 01/2011/PL-TD NGÀY 26/04/2011, PL02/2011/PL-TD NGÀY 14/10/2011"
646,PTVT0000019,3061,34780000000,,NULL,HĐTD SỐ 10/2010/MSBNĐ  NGÀY 02/12/2010
647,PTVT0000020,3061,19570000000,,NULL,HĐTD SỐ 020.01/10/HP-LACII NGÀY 10/12/2010 VÀ CÁC PHỤ LỤC KÈM THEO
648,PTVT0000021,3061,29350000000,,NULL,HĐTD SỐ 0198/10/HB  NGÀY 16/11/2010 VÀ CÁC PHỤ LỤC
649,PTVT0000022,3061,10430000000,,NULL,HĐTD SỐ 01050D/11/CG NGÀY 05/01/2011
650,PTVT0000023,3061,6906000000,,NULL,HĐTD SỐ 0048/11/SGD NGÀY 28/11/2011
651,PTVT0000024,3061,12866000000,,NULL,HĐTD SỐ 0048/11/SGD NGÀY 28/11/2011
652,PTVT0000025,3061,6113000000,,NULL,HĐTD SỐ 0048/11/SGD NGÀY 28/11/2011
653,PTVT0000026,3061,4850000000,,NULL,HĐTD SỐ 0048/11/SGD NGÀY 28/11/2011
654,PTVT0000027,3061,3880000000,,NULL,HĐTD SỐ 0048/11/SGD NGÀY 28/11/2011
655,PTVT0000028,3061,4192000000,,NULL,HĐTD SỐ 0048/11/SGD NGÀY 28/11/2011
656,PTVT0000029,3061,645000000,,NULL,HDTD  S? 01.1009/2012/HĐTHM NGÀY 10/09/2012 VÀ CÁC PH? L?C LIÊN QUAN
657,PTVT0000030,3061,7415000000,,NULL,HĐTD SỐ 10/2013/HĐCV NGÀY 10/10/2013
658,PTVT0000031,3061,6000000000,,NULL,HĐTD SỐ 10/2013/HĐCV NGÀY 10/10/2013
659,PTVT0000032,3061,13040000000,,NULL,HĐTD SỐ 01/VST-TG/TDDH NGÀY 28/04/2010 VÀ HĐTD SỐ 176/2014/HĐTDHM  NGÀY 15/07/2014
660,PTVT0000033,3061,3040000000,,NULL,HỢP ĐỒNG ỦY THÁC CHO VAY SỐ 1902/2011/HĐUT/MSB-MDB NGÀY 19/01/2015 VÀ HĐTD SỐ 176/2014/HĐTDHM  NGÀY 15/07/2014
661,PTVT0000034,3064,35430000000,,NULL,HỢP ĐỒNG ỦY THÁC CHO VAY SỐ 1902/2011/HĐUT/MSB-MDB NGÀY 19/01/2015 VÀ HĐTD SỐ 176/2014/HĐTDHM  NGÀY 15/07/2014
662,PTVT0000035,3064,90000000,,NULL,TOÀN BỘ NGHĨA VỤ
663,PTVT0000036,3064,115000000,,NULL,TOÀN BỘ NGHĨA VỤ
664,PTVT0000037,3064,17170000000,,NULL,HĐTD SỐ 1503/2013/HĐCV NGÀY 05/3/2013 VÀ 88/2014/HĐCV NGÀY 19/6/2014
665,PTVT0000038,3064,18260000000,,NULL,HĐTD SỐ 88/2014/HĐCV NGÀY 19/6/2014
666,PTVT0000039,3064,12170000000,,NULL,HĐTD SỐ 150/2010/210/MSBTB NGÀY 23/11/2010 VÀ CÁC PHỤ LỤC
667,PTVT0000040,3064,340000000,,NULL,HĐTD SỐ 0013/2014/HĐTDHM NGÀY 28/03/2014
668,PTVT0000041,3064,700000000,,NULL,HĐTD SỐ 0013/2014/HĐTDHM NGÀY 28/03/2014
669,PTVT0000042,3064,250000000,,NULL,HĐTD SỐ 0013/2014/HĐTDHM NGÀY 28/03/2014
670,PTVT0000043,3064,440000000,,NULL,HĐTD SỐ 0013/2014/HĐTDHM NGÀY 28/03/2014
671,PTVT0000044,3067,490000000,,NULL,1. HĐTD SỐ 0058/10/MSBTX NGÀY 23/09/2010 VÀ CÁC PHỤ LỤC ĐÍNH KÈM;   2. HĐTD HẠN MỨC SỐ 2512/2013/HĐTDHM NGÀY 25/12/2013
711,PTVT0000084,3061,3040000000,,NULL,HỢP ĐỒNG ỦY THÁC CHO VAY SỐ 1902/2011/HĐUT/MSB-MDB NGÀY 19/01/2015 VÀ HĐTD SỐ 176/2014/HĐTDHM  NGÀY 15/07/2014
712,PTVT0000085,3064,13700000000,,NULL,HỢP ĐỒNG ỦY THÁC CHO VAY SỐ 1902/2011/HĐUT/MSB-MDB NGÀY 19/01/2015 VÀ HĐTD SỐ 176/2014/HĐTDHM  NGÀY 15/07/2014
713,PTVT0000086,3064,90000000,,NULL,TOÀN BỘ NGHĨA VỤ
714,PTVT0000087,3064,115000000,,NULL,TOÀN BỘ NGHĨA VỤ
715,PTVT0000088,3064,17170000000,,NULL,HĐTD SỐ 1503/2013/HĐCV NGÀY 05/3/2013 VÀ 88/2014/HĐCV NGÀY 19/6/2014
672,PTVT0000045,3067,1400000000,,NULL,1. HĐTD 0058/10/MSBTX NGÀY 23/09/2010 VÀ CÁC PHỤ LỤC ĐÍNH KÈM;   2. HĐTD HẠN MỨC SỐ 2512/2013/HĐTDHM NGÀY 25/12/2013  3. HĐTD SỐ 2412/2013/H ĐTDHM  NGÀY 24/12/2013  4. HĐTD SỐ 30/2012/HDTDHM NGÀY 26/09/2012.
673,PTVT0000046,3064,1000000000,,NULL,1. HĐTD 0058/10/MSBTX NGÀY 23/09/2010 VÀ CÁC PHỤ LỤC ĐÍNH KÈM;   2. HĐTD HẠN MỨC SỐ 2512/2013/HĐTDHM NGÀY 25/12/2013  3. HĐTD SỐ 2412/2013/H ĐTDHM  NGÀY 24/12/2013  4. HĐTD SỐ 30/2012/HDTDHM NGÀY 26/09/2012.
674,PTVT0000047,3067,1250000000,,NULL,TOÀN BỘ NGHĨA VỤ
675,PTVT0000048,3067,1300000000,,NULL,TOÀN BỘ NGHĨA VỤ
676,PTVT0000049,3067,850000000,,NULL,TOÀN BỘ NGHĨA VỤ
677,PTVT0000050,3067,4000000000,,NULL,HĐTD SỐ 02/07/HCM NGÀY 13/11/2007
678,PTVT0000051,3067,4400000000,,NULL,HĐTD SỐ 03/08/HCM NGÀY 03/04/2008
679,PTVT0000052,3067,5400000000,,NULL,HĐTD SỐ 01/07/HCM NGÀY 12/09/2007
680,PTVT0000053,3067,18000000000,,NULL,01/09/ILCSG-HCM NGÀY 06/01/2009
681,PTVT0000054,3067,16300000000,,NULL,HỢP ĐỒNG TÍN DỤNG SỐ 02/09/ILCSG-HCM NGÀY 26/03/2009
682,PTVT0000055,3067,26090000000,,NULL,HĐTD SỐ 0041/10/ĐN NGÀY 04/08/2010.  HĐTD SỐ 0042/10/ĐN NGÀY 04/08/2010  HĐTD SỐ 0045/10/ĐN NGÀY 04/08/2010  HĐTD SỐ 0051/10/ĐN NGÀY 13/09/2010  HĐTD SỐ 0063/2010/ĐN NGÀY 31/12/2010  HĐTD SỐ 0001/2011/TA/ĐN NGÀY 27/01/2011  HĐTD SỐ 0002/2011/TA/ĐN NGÀY 31/05/2011  HĐTD SỐ 0030/2011/TA/ĐN NGÀY 28/06/2011  HĐTD SỐ 01/2013/HĐCV NGÀY 30/01/2013  HĐTD SỐ  0010/2014/HĐTDHM NGÀY 31/07/2014
683,PTVT0000056,3067,20650000000,,NULL,HĐTD SỐ 0041/10/ĐN NGÀY 04/08/2010.  HĐTD SỐ 0042/10/ĐN NGÀY 04/08/2010  HĐTD SỐ 0045/10/ĐN NGÀY 04/08/2010  HĐTD SỐ 0051/10/ĐN NGÀY 13/09/2010  HĐTD SỐ 0063/2010/ĐN NGÀY 31/12/2010  HĐTD SỐ 0001/2011/TA/ĐN NGÀY 27/01/2011  HĐTD SỐ 0002/2011/TA/ĐN NGÀY 31/05/2011  HĐTD SỐ 0030/2011/TA/ĐN NGÀY 28/06/2011  HĐTD SỐ 01/2013/HĐCV NGÀY 30/01/2013  HĐTD SỐ  0010/2014/HĐTDHM NGÀY 31/07/2014
684,PTVT0000057,3067,6960000000,,NULL,TOÀN BỘ NGHĨA VỤ
685,PTVT0000058,3067,8260000000,,NULL,TOÀN BỘ NGHĨA VỤ
686,PTVT0000059,3067,7170000000,,NULL,TOÀN BỘ NGHĨA VỤ
687,PTVT0000060,3067,9800000000,,NULL,115/10/HP NGÀY 24/12/2010 VÀ CÁC PHỤ LỤC KÈM THEO
688,PTVT0000061,3067,4800000000,,NULL,HĐTD SỐ: 115/10/HP NGÀY 24/12/2010 VÀ CÁC PHỤ LỤC KÈM THEO
689,PTVT0000062,3061,540000000,,NULL,PHƯƠNG TIỆN ĐI LẠI
690,PTVT0000063,3061,1200000000,,NULL,TOÀN BỘ DƯ NỢ
691,PTVT0000064,3061,990000000,,NULL,TOÀN BỘ DƯ NỢ
692,PTVT0000065,3061,645000000,,NULL,HDTD  SỐ 01.1009/2012/HĐTHM
693,PTVT0000066,3061,13000000000,,NULL,HĐBĐ SỐ 25/2011/BĐ-LB NGÀY 29/09/2011
694,PTVT0000067,3061,5430000000,,NULL,HĐTD SỐ 150/2011/010/MSBTB NGÀY 28/3/2011
695,PTVT0000068,3061,6090000000,,NULL,HĐTD SỐ 150/2011/010/MSBTB NGÀY 28/3/2011
696,PTVT0000069,3061,5450000000,,NULL,TOÀN BỘ NGHĨA VỤ DÂN SỰ CỦA BÊN VAY VỐN TẠI MSB
697,PTVT0000070,3061,6850000000,,NULL,TOÀN BỘ NGHĨA VỤ DÂN SỰ CỦA BÊN VAY VỐN TẠI MSB
698,PTVT0000071,3061,21740000000,,NULL,HĐTD DÀI HẠN SỐ 150/2011/009/MSBTB NGÀY 28/03/2011 VÀ CÁC PHỤ LỤC.
699,PTVT0000072,3061,21740000000,,NULL,HĐTD HẠN MỨC SỐ 2510/2012/HĐTDHM NGÀY 25/10/2012
700,PTVT0000073,3061,5220000000,,NULL,HĐTD HẠN MỨC SỐ 2510/2012/HĐTDHM NGÀY 25/10/2012
701,PTVT0000074,3061,15220000000,,NULL,"HĐTD SỐ 09/2010/MSBNĐ  NGÀY 26/11/2010 VÀ PHỤ LỤC 01/2011/PL-TD NGÀY 26/04/2011, PL02/2011/PL-TD NGÀY 14/10/2011"
702,PTVT0000075,3061,6906000000,,NULL,HĐTD SỐ 0048/11/SGD NGÀY 28/11/2011
703,PTVT0000076,3061,12866000000,,NULL,HĐTD SỐ 0048/11/SGD NGÀY 28/11/2011
704,PTVT0000077,3061,6113000000,,NULL,HĐTD SỐ 0048/11/SGD NGÀY 28/11/2011
705,PTVT0000078,3061,4850000000,,NULL,HĐTD SỐ 0048/11/SGD NGÀY 28/11/2011
706,PTVT0000079,3061,3880000000,,NULL,HĐTD SỐ 0048/11/SGD NGÀY 28/11/2011
707,PTVT0000080,3061,4192000000,,NULL,HĐTD SỐ 0048/11/SGD NGÀY 28/11/2011
708,PTVT0000081,3061,3910000000,,NULL,HDTD  S? 01.1009/2012/HĐTHM NGÀY 10/09/2012 VÀ CÁC PH? L?C LIÊN QUAN
709,PTVT0000082,3061,11960000000,,NULL,HĐTD SỐ 10/2013/HĐCV NGÀY 10/10/2013
710,PTVT0000083,3061,11960000000,,NULL,HĐTD SỐ 10/2013/HĐCV NGÀY 10/10/2013
716,PTVT0000089,3064,17170000000,,NULL,HĐTD SỐ 88/2014/HĐCV NGÀY 19/6/2014
717,PTVT0000090,3064,340000000,,NULL,HĐTD SỐ 0013/2014/HĐTDHM NGÀY 28/03/2014
718,PTVT0000091,3064,700000000,,NULL,HĐTD SỐ 0013/2014/HĐTDHM NGÀY 28/03/2014
719,PTVT0000092,3064,250000000,,NULL,HĐTD SỐ 0013/2014/HĐTDHM NGÀY 28/03/2014
720,PTVT0000093,3064,440000000,,NULL,HĐTD SỐ 0013/2014/HĐTDHM NGÀY 28/03/2014
721,PTVT0000094,3067,4000000000,,NULL,1. HĐTD SỐ 0058/10/MSBTX NGÀY 23/09/2010 VÀ CÁC PHỤ LỤC ĐÍNH KÈM;   2. HĐTD HẠN MỨC SỐ 2512/2013/HĐTDHM NGÀY 25/12/2013
722,PTVT0000095,3067,1412000000,,NULL,1. HĐTD 0058/10/MSBTX NGÀY 23/09/2010 VÀ CÁC PHỤ LỤC ĐÍNH KÈM;   2. HĐTD HẠN MỨC SỐ 2512/2013/HĐTDHM NGÀY 25/12/2013  3. HĐTD SỐ 2412/2013/H ĐTDHM  NGÀY 24/12/2013  4. HĐTD SỐ 30/2012/HDTDHM NGÀY 26/09/2012.
723,PTVT0000096,3064,955000000,,NULL,1. HĐTD 0058/10/MSBTX NGÀY 23/09/2010 VÀ CÁC PHỤ LỤC ĐÍNH KÈM;   2. HĐTD HẠN MỨC SỐ 2512/2013/HĐTDHM NGÀY 25/12/2013  3. HĐTD SỐ 2412/2013/H ĐTDHM  NGÀY 24/12/2013  4. HĐTD SỐ 30/2012/HDTDHM NGÀY 26/09/2012.
724,PTVT0000097,3067,25000000000,,NULL,HĐTD SỐ 0041/10/ĐN NGÀY 04/08/2010.  HĐTD SỐ 0042/10/ĐN NGÀY 04/08/2010  HĐTD SỐ 0045/10/ĐN NGÀY 04/08/2010  HĐTD SỐ 0051/10/ĐN NGÀY 13/09/2010  HĐTD SỐ 0063/2010/ĐN NGÀY 31/12/2010  HĐTD SỐ 0001/2011/TA/ĐN NGÀY 27/01/2011  HĐTD SỐ 0002/2011/TA/ĐN NGÀY 31/05/2011  HĐTD SỐ 0030/2011/TA/ĐN NGÀY 28/06/2011  HĐTD SỐ 01/2013/HĐCV NGÀY 30/01/2013  HĐTD SỐ  0010/2014/HĐTDHM NGÀY 31/07/2014
725,PTVT0000098,3067,20650000000,,NULL,HĐTD SỐ 0041/10/ĐN NGÀY 04/08/2010.  HĐTD SỐ 0042/10/ĐN NGÀY 04/08/2010  HĐTD SỐ 0045/10/ĐN NGÀY 04/08/2010  HĐTD SỐ 0051/10/ĐN NGÀY 13/09/2010  HĐTD SỐ 0063/2010/ĐN NGÀY 31/12/2010  HĐTD SỐ 0001/2011/TA/ĐN NGÀY 27/01/2011  HĐTD SỐ 0002/2011/TA/ĐN NGÀY 31/05/2011  HĐTD SỐ 0030/2011/TA/ĐN NGÀY 28/06/2011  HĐTD SỐ 01/2013/HĐCV NGÀY 30/01/2013  HĐTD SỐ  0010/2014/HĐTDHM NGÀY 31/07/2014
726,TSBDK00001,700,870000000,,NULL,HDTD  S? 01.1009/2012/HĐTHM NGÀY 10/09/2012 VÀ CÁC PH? L?C LIÊN QUAN
727,TSBDK00002,700,970000000,,NULL,HDTD  S? 01.1009/2012/HĐTHM NGÀY 10/09/2012 VÀ CÁC PH? L?C LIÊN QUAN
728,TSBDK00003,700,56000000,,NULL,TOÀN BỘ NGHĨA VỤ
729,TSBDK00004,700,39000000,,NULL,TOÀN BỘ NGHĨA VỤ
730,TSBDK00006,700,1586000000,,NULL,1. HĐTD 0058/10/MSBTX NGÀY 23/09/2010 VÀ CÁC PHỤ LỤC ĐÍNH KÈM;   2. HĐTD HẠN MỨC SỐ 2512/2013/HĐTDHM NGÀY 25/12/2013
731,QPSTS00001,508,875000000,,NULL,1. HĐTD 0058/10/MSBTX NGÀY 23/09/2010 VÀ CÁC PHỤ LỤC ĐÍNH KÈM;   2. HĐTD HẠN MỨC SỐ 2512/2013/HĐTDHM NGÀY 25/12/2013  3. HĐTD SỐ 2412/2013/H ĐTDHM  NGÀY 24/12/2013  4. HĐTD SỐ 30/2012/HDTDHM NGÀY 26/09/2012.
732,QPSTS00002,508,875000000,,NULL,1. HĐTD 0058/10/MSBTX NGÀY 23/09/2010 VÀ CÁC PHỤ LỤC ĐÍNH KÈM;   2. HĐTD HẠN MỨC SỐ 2512/2013/HĐTDHM NGÀY 25/12/2013  3. HĐTD SỐ 2412/2013/H ĐTDHM  NGÀY 24/12/2013  4. HĐTD SỐ 30/2012/HDTDHM NGÀY 26/09/2012.
733,TSBDK00005,700,2800000000,,NULL,1. HĐTD 0058/10/MSBTX NGÀY 23/09/2010 VÀ CÁC PHỤ LỤC ĐÍNH KÈM;   2. HĐTD HẠN MỨC SỐ 2512/2013/HĐTDHM NGÀY 25/12/2013  3. HĐTD SỐ 2412/2013/H ĐTDHM  NGÀY 24/12/2013  4. HĐTD SỐ 30/2012/HDTDHM NGÀY 26/09/2012.
734,TSBDK00007,700,950000000,,NULL,"HỢP ĐỒNG TÍN DỤNG SỐ 0023/09/SGD, NGÀY 18/06/2009"
735,TSBDK00008,700,6000000000,,NULL,HỢP ĐỒNG TÍN DỤNG HẠN MỨC SỐ 08/2014/HĐTDHM  NGÀY 11/06/2014 VÀ HỢP ĐỒNG CHO VAY SỐ 24/2013 NGÀY 17/10/2013 VÀ PHỤ LỤC HỢP ĐỒNG CHO VAY SỐ 01/2014/PLHĐCV NGÀY 30/09/2014
737,TSBDK00010,700,640000000,,NULL,HDTD SỐ 928/HĐTD-MSBĐĐ NGÀY 31/12/2008
738,TSBDK00011,700,9290000000,,NULL,1. HỢP ĐỒNG CHO VAY SỐ 0022/2013/HĐCV NGÀY 24/05/2011 VÀ CÁC PHỤ LỤC KEM THEO    2. HỢP ĐỒNG CHO VAY SỐ 0033/2013/HĐCV NGÀY 25/05/2013 VÀ CÁC PHỤ LỤC KEM THEO
740,TSBDK00013,700,5400000000,,NULL,HDTD  S? 01.1009/2012/HĐTHM NGÀY 10/09/2012 VÀ CÁC PH? L?C LIÊN QUAN
741,TSBDK00014,700,978000000,,NULL,HDTD  S? 01.1009/2012/HĐTHM NGÀY 10/09/2012 VÀ CÁC PH? L?C LIÊN QUAN
742,TSBDK00015,700,56000000,,NULL,TOÀN BỘ NGHĨA VỤ
743,TSBDK00016,700,39000000,,NULL,TOÀN BỘ NGHĨA VỤ
736,TSBDK00009,700,7000000000,,NULL,HỢP ĐỒNG TÍN DỤNG HẠN MỨC SỐ 08/2014/HĐTDHM  NGÀY 11/06/2014 VÀ HỢP ĐỒNG CHO VAY SỐ 24/2013 NGÀY 17/10/2013 VÀ PHỤ LỤC HỢP ĐỒNG CHO VAY SỐ 01/2014/PLHĐCV NGÀY 30/09/2014
739,TSBDK00012,700,15000000000,,NULL,HĐTD SỐ 0041/10/ĐN NGÀY 04/08/2010.  HĐTD SỐ 0042/10/ĐN NGÀY 04/08/2010  HĐTD SỐ 0045/10/ĐN NGÀY 04/08/2010  HĐTD SỐ 0051/10/ĐN NGÀY 13/09/2010  HĐTD SỐ 0063/2010/ĐN NGÀY 31/12/2010  HĐTD SỐ 0001/2011/TA/ĐN NGÀY 27/01/2011  HĐTD SỐ 0002/2011/TA/ĐN NGÀY 31/05/2011  HĐTD SỐ 0030/2011/TA/ĐN NGÀY 28/06/2011  HĐTD SỐ 01/2013/HĐCV NGÀY 30/01/2013  HĐTD SỐ  0010/2014/HĐTDHM NGÀY 31/07/2014
744,TSBDK00017,700,10000000000,,NULL,1. HĐTD 0058/10/MSBTX NGÀY 23/09/2010 VÀ CÁC PHỤ LỤC ĐÍNH KÈM;   2. HĐTD HẠN MỨC SỐ 2512/2013/HĐTDHM NGÀY 25/12/2013  3. HĐTD SỐ 2412/2013/H ĐTDHM  NGÀY 24/12/2013  4. HĐTD SỐ 30/2012/HDTDHM NGÀY 26/09/2012.
745,TSBDK00018,700,1586000000,,NULL,1. HĐTD 0058/10/MSBTX NGÀY 23/09/2010 VÀ CÁC PHỤ LỤC ĐÍNH KÈM;   2. HĐTD HẠN MỨC SỐ 2512/2013/HĐTDHM NGÀY 25/12/2013
746,TSBDK00019,700,6087000000,,NULL,HỢP ĐỒNG TÍN DỤNG HẠN MỨC SỐ 08/2014/HĐTDHM  NGÀY 11/06/2014 VÀ HỢP ĐỒNG CHO VAY SỐ 24/2013 NGÀY 17/10/2013 VÀ PHỤ LỤC HỢP ĐỒNG CHO VAY SỐ 01/2014/PLHĐCV NGÀY 30/09/2014
747,TSBDK00020,700,5710000000,,NULL,HỢP ĐỒNG TÍN DỤNG HẠN MỨC SỐ 08/2014/HĐTDHM  NGÀY 11/06/2014 VÀ HỢP ĐỒNG CHO VAY SỐ 24/2013 NGÀY 17/10/2013 VÀ PHỤ LỤC HỢP ĐỒNG CHO VAY SỐ 01/2014/PLHĐCV NGÀY 30/09/2014
748,TSBDK00021,700,9290000000,,NULL,1. HỢP ĐỒNG CHO VAY SỐ 0022/2013/HĐCV NGÀY 24/05/2011 VÀ CÁC PHỤ LỤC KEM THEO    2. HỢP ĐỒNG CHO VAY SỐ 0033/2013/HĐCV NGÀY 25/05/2013 VÀ CÁC PHỤ LỤC KEM THEO
749,TSBDK00022,700,4640000000,,NULL,HĐTD SỐ 0041/10/ĐN NGÀY 04/08/2010.  HĐTD SỐ 0042/10/ĐN NGÀY 04/08/2010  HĐTD SỐ 0045/10/ĐN NGÀY 04/08/2010  HĐTD SỐ 0051/10/ĐN NGÀY 13/09/2010  HĐTD SỐ 0063/2010/ĐN NGÀY 31/12/2010  HĐTD SỐ 0001/2011/TA/ĐN NGÀY 27/01/2011  HĐTD SỐ 0002/2011/TA/ĐN NGÀY 31/05/2011  HĐTD SỐ 0030/2011/TA/ĐN NGÀY 28/06/2011  HĐTD SỐ 01/2013/HĐCV NGÀY 30/01/2013  HĐTD SỐ  0010/2014/HĐTDHM NGÀY 31/07/2014
750,TSBDK00023,700,9800000000,,NULL,
751,TSBDK00024,700,9000000000,,NULL,
752,TSBDK00025,700,2700000000,,NULL,HÀNG HÓA TỒN KHO
753,TSBDK00026,700,2700000000,,NULL,HÀNG HÓA TỒN KHO
754,TSBDK00027,700,1333000000,,NULL,HÀNG HÓA TỒN KHO
755,TSBDK00028,700,1300000000,,NULL,HÀNG HÓA TỒN KHO
756,TSBDK00029,700,17860000000,,NULL,HĐTD SỐ  0014/11/ĐTH NGÀY 07/09/2011
757,TSBDK00030,700,17860000000,,NULL,HĐTD SỐ  0014/11/ĐTH NGÀY 07/09/2011
758,TSBDK00031,700,1570000000,,NULL,
759,TSBDK00032,700,1570000000,,NULL,
760,TSBDK00033,700,1685000000,,NULL,
761,TSBDK00034,700,1685000000,,NULL,
762,TSBDK00035,700,867000000,,NULL,01.1009/2012/HĐTHM 
763,TSBDK00036,700,867000000,,NULL,01.1009/2012/HĐTHM 
764,TSBDK00037,700,3000000000,,NULL,MỌI NGHĨA VỤ
765,TSBDK00038,700,30000000000,,NULL,HĐTD SỐ 13/CT/2011 NGÀY 03/08/2011
766,TSBDK00039,700,15915000000,,NULL,HĐTD SỐ 13/CT/2011 NGÀY 03/08/2011
767,TSTD000001,409,13710000000,"TỜ BẢN ĐỒ SỐ 1, XÃ DUYÊN THÁI, HUYỆN THƯỜNG TÍN, HÀ TÂY",1,
768,TSTD000002,409,14290000000,"SỐ 90, ĐƯỜNG LÁNG, PHƯỜNG NGÃ TƯ SỞ, QUẬN ĐỐNG ĐA, TP HÀ NỘI",1,- HĐTD SỐ 73/10 NGÀY 25/10/2010.
769,TSTD000003,409,7140000000,"XÃ NHƯ QUỲNH, HUYỆN MỸ VĂN, TỈNH HẢI HƯNG (HIỆN LÀ HƯNG YÊN)",33,- HĐTD SỐ 73/10 NGÀY 25/10/2010.
770,TSTD000004,409,60615000000,,NULL,HĐTD SỐ 112/2012/HDCV – NGÀY 25/12-2012
771,TSTD000005,409,47121000000,,NULL,HĐTD SỐ 0038/2009/SGD NGÀY 03/9/2009
772,TSTD000006,405,1000000000,"PHƯỜNG PHÚ THỌ, THỊ XÃ THỦ DẦU MỘT, TỈNH BÌNH DƯƠNG",74,HĐ MUA BÁN TRÁI PHIẾU SỐ 01/HĐTP/MSB-THÀNH NGUYÊN NGÀY 09/02/2010 VÀ PHỤ LỤC HỢP ĐỒNG KÈM THEO
773,TSTD000007,409,2950000000,"LÔ 4B KHU CN THỤY VÂN, TP. VIỆT TRÌ, PHÚ THỌ.",25,1. HĐTD SỐ 0058/10/MSBTX NGÀY 23/09/2010 VÀ CÁC PHỤ LỤC ĐÍNH KÈM;   2. HĐTD HẠN MỨC SỐ 2512/2013/HĐTDHM NGÀY 25/12/2013
774,TSTD000008,405,950000000,"PHƯỜNG HÀ HUY TẬP, THÀNH PHỐ VINH, TỈNH NGHỆ AN",4,TOÀN BỘ NGHĨA VỤ
775,TSTD000009,409,626000000,"ĐƯỜNG HỒ TÙNG MẪU, THÀNH PHỐ VINH, TỈNH NGHỆ AN",4,TOÀN BỘ NGHĨA VỤ
776,TSTD000010,409,3198000000,"XÓM KHỐI HUÂN, XÃ NGŨ LÃO, HUYỆN HÒA AN, CAO BẰNG",4,1. HỢP ĐỒNG TÍN DỤNG HẠN MỨC SỐ 05/2014/HĐTDHM NGÀY 31/03/2014;   2. HỢP ĐỒNG MUA BÁN NỢ SỐ 25.03/2014/MSBHN-AGRIBANK CB NGÀY 25/03/2014  3. HỢP ĐỒNG CHO VAY SỐ 06/2014/HĐCV  NGÀY 31/03/2014
777,TSTD000011,409,2500000000,"XÓM LẠNG CÁ, THỊ TRẤN PÁC MIẦU, HUYỆN BẢO LÂM, CAO BẰNG",4,CÔNG TY CP KHOÁNG SẢN TÂY GIANG CAO BẰNG:    1. HỢP ĐỒNG TÍN DỤNG HẠN MỨC SỐ 05/2014/HĐTDHM NGÀY 31/03/2014;   2. HỢP ĐỒNG MUA BÁN NỢ SỐ 25.03/2014/MSBHN-AGRIBANK CB NGÀY 25/03/2014  3. HỢP ĐỒNG CHO VAY SỐ 06/2014/HĐCV  NGÀY 31/03/2014    CÔNG TY TNHH CKC:   HỢP ĐỒNG CHO VAY SỐ 22/2013/HĐCV NGÀY 12/08/2013 VÀ CÁC PHỤ LỤC KEM THEO
778,TSTD000012,408,8440000000,"PHƯỜNG PHÚ THUẬN, QUẬN 7, TP.HCM",79,- HĐTD SỐ 01/07/HCM NGÀY 12/09/2007  - HĐTD SỐ 02/07/HCM NGÀY 13/11/2007  - HĐTD SỐ 03/08/HCM NGÀY 03/04/2008
779,TSTD000015,409,1370000000,"TỜ BẢN ĐỒ SỐ 1, XÃ DUYÊN THÁI, HUYỆN THƯỜNG TÍN, HÀ TÂY",1,
780,TSTD000016,409,14290000000,"SỐ 90, ĐƯỜNG LÁNG, PHƯỜNG NGÃ TƯ SỞ, QUẬN ĐỐNG ĐA, TP HÀ NỘI",1,- HĐTD SỐ 73/10 NGÀY 25/10/2010.
781,TSTD000017,409,4290000000,"XÃ NHƯ QUỲNH, HUYỆN MỸ VĂN, TỈNH HẢI HƯNG (HIỆN LÀ HƯNG YÊN)",33,- HĐTD SỐ 73/10 NGÀY 25/10/2010.
782,TSTD000018,409,17140000000,,NULL,HĐTD SỐ 112/2012/HDCV – NGÀY 25/12-2012
783,TSTD000013,409,5400000000,"307 HUỲNH TẤN PHÁT, KP3, PHƯỜNG TÂN THUẬN ĐÔNG, QUẬN 7, TP .HCM",79,- HĐTD SỐ 01/07/HCM NGÀY 12/09/2007  - HĐTD SỐ 02/07/HCM NGÀY 13/11/2007  - HĐTD SỐ 03/08/HCM NGÀY 03/04/2008
784,TSTD000014,409,14290000000,"SỐ 06 TRẦN HƯNG ĐẠO, HUẾ.",46,1. HỢP ĐỒNG CHO VAY SỐ 0022/2013/HĐCV NGÀY 24/05/2011 VÀ CÁC PHỤ LỤC KEM THEO    2. HỢP ĐỒNG CHO VAY SỐ 0033/2013/HĐCV NGÀY 25/05/2013 VÀ CÁC PHỤ LỤC KEM THEO
785,TSTD000019,409,8000000000,"LÔ 4B KHU CN THỤY VÂN, TP. VIỆT TRÌ, PHÚ THỌ.",25,1. HĐTD SỐ 0058/10/MSBTX NGÀY 23/09/2010 VÀ CÁC PHỤ LỤC ĐÍNH KÈM;   2. HĐTD HẠN MỨC SỐ 2512/2013/HĐTDHM NGÀY 25/12/2013
786,TSTD000020,409,4200000000,"XÓM KHỐI HUÂN, XÃ NGŨ LÃO, HUYỆN HÒA AN, CAO BẰNG",4,1. HỢP ĐỒNG TÍN DỤNG HẠN MỨC SỐ 05/2014/HĐTDHM NGÀY 31/03/2014;   2. HỢP ĐỒNG MUA BÁN NỢ SỐ 25.03/2014/MSBHN-AGRIBANK CB NGÀY 25/03/2014  3. HỢP ĐỒNG CHO VAY SỐ 06/2014/HĐCV  NGÀY 31/03/2014
787,TSTD000021,409,2405000000,"XÓM LẠNG CÁ, THỊ TRẤN PÁC MIẦU, HUYỆN BẢO LÂM, CAO BẰNG",4,CÔNG TY CP KHOÁNG SẢN TÂY GIANG CAO BẰNG:    1. HỢP ĐỒNG TÍN DỤNG HẠN MỨC SỐ 05/2014/HĐTDHM NGÀY 31/03/2014;   2. HỢP ĐỒNG MUA BÁN NỢ SỐ 25.03/2014/MSBHN-AGRIBANK CB NGÀY 25/03/2014  3. HỢP ĐỒNG CHO VAY SỐ 06/2014/HĐCV  NGÀY 31/03/2014    CÔNG TY TNHH CKC:   HỢP ĐỒNG CHO VAY SỐ 22/2013/HĐCV NGÀY 12/08/2013 VÀ CÁC PHỤ LỤC KEM THEO
788,TSTD000022,409,7430000000,"SỐ 06 TRẦN HƯNG ĐẠO, HUẾ.",46,1. HỢP ĐỒNG CHO VAY SỐ 0022/2013/HĐCV NGÀY 24/05/2011 VÀ CÁC PHỤ LỤC KEM THEO    2. HỢP ĐỒNG CHO VAY SỐ 0033/2013/HĐCV NGÀY 25/05/2013 VÀ CÁC PHỤ LỤC KEM THEO
